item_id,category,stock_level,reorder_point,daily_demand,item_popularity_score,storage_location_id,zone,picking_time_seconds,unit_price,last_restock_date
ITM10000,Pharma,283,21,49.85,0.43,L82,B,106,117.8,2024-02-17
ITM10001,Automotive,301,52,23.34,0.69,L15,A,45,178.8,2024-10-01
ITM10002,Groceries,132,60,37.69,0.62,L4,B,177,54.05,2024-04-07
ITM10003,Automotive,346,46,33.69,0.21,L95,A,39,31.1,2024-01-27
ITM10004,Automotive,49,55,49.58,0.31,L36,D,35,104.97,2024-05-17
ITM10005,Apparel,154,62,35.95,0.41,L32,A,94,164.12,2024-07-12
ITM10006,Groceries,86,97,9.04,0.28,L29,C,110,134.38,2024-12-10
ITM10007,Groceries,84,89,47.82,0.24,L18,D,130,131.09,2024-11-05
ITM10008,Groceries,311,22,33.72,0.15,L95,D,40,13.32,2024-11-04
ITM10009,Automotive,44,98,3.91,0.89,L14,A,26,70.32,2024-01-21
ITM10010,Pharma,56,63,33.22,0.36,L87,B,107,188.5,2024-02-07
ITM10011,Groceries,20,66,44.27,0.36,L95,A,135,35.51,2024-04-06
ITM10012,Automotive,418,13,29.28,0.29,L70,A,33,148.01,2024-10-27
ITM10013,Apparel,56,84,18.35,0.53,L12,D,131,154.27,2024-12-09
ITM10014,Pharma,160,58,41.22,0.56,L76,C,141,149.24,2024-10-13
ITM10015,Apparel,251,16,39.34,0.29,L55,B,146,197.96,2024-04-21
ITM10016,Pharma,155,20,27.66,0.65,L5,A,139,87.75,2024-09-02
ITM10017,Automotive,408,63,8.56,0.75,L4,C,172,139.62,2024-04-16
ITM10018,Electronics,207,96,13.3,0.44,L12,C,132,46.79,2024-06-19
ITM10019,Pharma,147,54,37.19,0.63,L28,B,47,85.94,2024-06-04
ITM10020,Apparel,220,32,40.5,0.55,L30,C,152,103.4,2024-01-08
ITM10021,Automotive,146,37,14.68,0.28,L65,A,179,50.82,2024-04-18
ITM10022,Pharma,276,66,19.03,0.76,L78,D,140,182.29,2024-04-07
ITM10023,Electronics,183,35,4.8,0.82,L4,C,168,146.08,2024-03-01
ITM10024,Electronics,54,34,35.96,0.68,L72,D,178,63.91,2024-09-02
ITM10025,Groceries,213,63,1.18,0.39,L26,B,66,35.64,2024-05-04
ITM10026,Groceries,210,38,3.28,0.93,L92,B,51,64.69,2024-12-22
ITM10027,Apparel,123,92,1.21,0.51,L84,C,62,128.37,2024-11-05
ITM10028,Pharma,42,45,32.62,0.34,L90,D,128,167.02,2024-12-26
ITM10029,Pharma,284,23,21.45,0.47,L70,A,130,105.6,2024-04-14
ITM10030,Groceries,309,87,15.58,0.72,L54,D,65,29.47,2024-07-22
ITM10031,Pharma,449,44,45.72,0.86,L29,C,96,57.37,2024-05-02
ITM10032,Pharma,481,39,10.45,0.42,L58,D,85,75.58,2024-10-09
ITM10033,Electronics,403,26,20.08,0.31,L76,D,94,130.87,2024-06-13
ITM10034,Groceries,279,76,47.08,0.66,L36,B,94,56.86,2024-05-24
ITM10035,Automotive,433,89,21.93,0.93,L1,C,169,54.45,2024-07-13
ITM10036,Groceries,498,39,28.18,0.26,L98,D,90,64.38,2024-08-26
ITM10037,Automotive,377,54,4.94,0.82,L21,C,174,122.58,2024-09-30
ITM10038,Electronics,94,88,39.72,0.53,L90,A,17,103.6,2024-11-28
ITM10039,Apparel,374,98,21.72,0.82,L55,C,20,169.91,2024-07-02
ITM10040,Pharma,91,60,40.23,0.55,L44,A,147,142.61,2024-06-06
ITM10041,Electronics,278,56,13.44,0.44,L36,C,124,136.7,2024-05-13
ITM10042,Pharma,417,62,21.7,0.73,L20,C,90,39.38,2024-07-03
ITM10043,Apparel,207,73,39.54,0.91,L28,D,96,20.49,2024-09-19
ITM10044,Apparel,480,47,48.72,0.39,L98,D,51,106.9,2024-09-11
ITM10045,Electronics,192,73,3.92,0.51,L44,A,46,23.61,2024-08-26
ITM10046,Apparel,499,96,40.81,0.31,L14,A,101,79.16,2024-02-20
ITM10047,Automotive,309,98,15.73,0.27,L12,B,94,14.96,2024-08-28
ITM10048,Apparel,64,16,27.99,0.8,L49,D,68,43.59,2024-06-12
ITM10049,Pharma,80,31,15.21,0.28,L13,A,161,30.97,2024-04-14
ITM10050,Pharma,102,90,31.06,0.81,L46,D,165,162.19,2024-07-08
ITM10051,Pharma,142,91,18.34,0.49,L45,C,46,75.76,2024-06-09
ITM10052,Pharma,377,50,17.35,1.0,L78,B,30,24.98,2024-07-30
ITM10053,Automotive,35,83,2.86,0.28,L34,D,170,60.44,2024-01-24
ITM10054,Groceries,85,19,8.2,0.18,L6,D,139,139.73,2024-10-15
ITM10055,Electronics,443,66,45.94,0.17,L94,D,92,151.67,2024-04-23
ITM10056,Pharma,164,16,49.92,0.85,L59,D,165,32.77,2024-03-15
ITM10057,Apparel,394,59,39.25,0.49,L69,A,152,157.93,2024-01-09
ITM10058,Pharma,181,61,15.05,0.1,L16,A,10,80.41,2024-05-13
ITM10059,Apparel,253,42,20.72,0.89,L49,B,116,139.08,2024-10-10
ITM10060,Apparel,399,10,37.24,0.89,L11,C,37,137.59,2024-10-26
ITM10061,Pharma,163,62,48.46,0.83,L71,C,59,160.78,2024-10-23
ITM10062,Automotive,377,69,23.32,0.32,L38,B,44,142.46,2024-08-01
ITM10063,Apparel,207,43,41.65,0.44,L81,C,165,17.38,2024-05-31
ITM10064,Apparel,341,13,48.78,0.77,L80,A,146,108.7,2024-03-19
ITM10065,Pharma,469,26,43.8,0.54,L47,D,161,41.57,2024-04-10
ITM10066,Apparel,493,13,12.13,0.24,L74,C,141,194.29,2024-06-17
ITM10067,Apparel,32,52,1.39,0.32,L25,D,50,58.61,2024-04-27
ITM10068,Pharma,203,99,25.11,0.98,L91,D,76,89.82,2024-07-13
ITM10069,Pharma,130,13,27.04,0.24,L9,A,57,47.37,2024-10-18
ITM10070,Electronics,434,10,10.86,0.75,L6,D,95,35.57,2024-05-05
ITM10071,Automotive,309,80,14.95,0.53,L85,C,67,124.18,2024-09-12
ITM10072,Automotive,314,59,38.49,0.77,L30,A,48,103.7,2024-10-08
ITM10073,Apparel,470,82,24.05,0.7,L99,B,34,81.19,2024-12-01
ITM10074,Automotive,411,70,16.55,0.5,L38,A,69,26.23,2024-12-16
ITM10075,Apparel,234,44,31.51,0.42,L11,C,126,149.83,2024-06-21
ITM10076,Electronics,481,17,32.99,0.78,L30,A,95,11.11,2024-05-11
ITM10077,Pharma,139,33,38.7,0.39,L13,C,123,96.96,2024-09-07
ITM10078,Pharma,401,92,8.68,0.81,L49,C,93,130.19,2024-11-24
ITM10079,Pharma,74,45,37.33,0.71,L36,A,164,91.84,2024-09-08
ITM10080,Automotive,46,59,30.37,0.62,L59,C,133,33.98,2024-08-23
ITM10081,Electronics,137,52,3.82,0.43,L82,B,120,157.87,2024-03-27
ITM10082,Automotive,240,36,39.09,0.28,L47,C,51,71.55,2024-06-29
ITM10083,Automotive,250,41,19.77,0.74,L21,B,61,35.6,2024-03-27
ITM10084,Electronics,72,87,17.19,0.18,L48,B,57,114.55,2024-03-12
ITM10085,Electronics,314,27,22.96,0.97,L46,C,41,13.64,2024-10-06
ITM10086,Electronics,340,37,17.96,0.98,L27,D,161,71.57,2024-09-07
ITM10087,Electronics,420,38,17.58,0.22,L86,B,140,152.62,2024-04-04
ITM10088,Pharma,252,25,40.6,0.19,L35,B,127,183.42,2024-10-04
ITM10089,Groceries,177,56,7.1,0.47,L90,A,164,122.43,2024-11-24
ITM10090,Groceries,456,68,48.56,0.97,L88,B,177,51.35,2024-01-31
ITM10091,Electronics,288,40,28.19,0.46,L83,B,32,51.8,2024-09-25
ITM10092,Groceries,40,13,9.96,0.43,L10,B,144,124.74,2024-01-18
ITM10093,Groceries,422,46,7.43,0.73,L78,B,136,87.28,2024-02-08
ITM10094,Electronics,72,26,29.98,0.26,L82,D,46,43.68,2024-12-08
ITM10095,Groceries,294,48,32.02,0.43,L22,B,16,159.61,2024-01-25
ITM10096,Automotive,332,57,3.6,0.36,L69,C,86,48.05,2024-01-04
ITM10097,Apparel,300,55,12.91,0.64,L94,D,91,71.11,2024-07-30
ITM10098,Apparel,233,99,39.98,0.25,L32,B,104,21.67,2024-03-11
ITM10099,Electronics,50,57,3.43,0.59,L21,C,31,143.26,2024-11-18
ITM10100,Pharma,356,48,42.9,0.87,L60,C,87,62.3,2024-04-28
ITM10101,Electronics,202,13,33.25,0.56,L49,D,91,54.24,2024-02-04
ITM10102,Pharma,42,39,22.29,0.72,L35,D,154,67.64,2024-12-28
ITM10103,Apparel,51,39,17.98,0.17,L82,C,28,176.08,2024-03-18
ITM10104,Electronics,465,31,1.94,0.5,L89,D,104,108.42,2024-01-05
ITM10105,Automotive,93,84,41.44,0.19,L72,D,48,40.0,2024-04-21
ITM10106,Groceries,29,75,7.99,0.64,L29,A,126,157.15,2024-09-15
ITM10107,Pharma,475,21,16.17,0.35,L88,D,45,49.61,2024-08-21
ITM10108,Groceries,73,45,28.89,0.36,L42,A,24,88.37,2024-07-10
ITM10109,Groceries,71,27,13.05,0.17,L99,D,166,117.93,2024-01-31
ITM10110,Electronics,167,99,25.36,0.38,L100,D,69,121.04,2024-11-12
ITM10111,Groceries,179,62,40.66,0.56,L8,C,177,23.12,2024-11-22
ITM10112,Automotive,389,80,24.06,0.63,L30,A,153,168.99,2024-12-07
ITM10113,Groceries,33,10,47.5,0.16,L5,D,170,101.09,2024-11-11
ITM10114,Electronics,197,67,42.53,0.69,L41,B,98,197.96,2024-09-04
ITM10115,Automotive,431,99,17.32,0.54,L52,D,25,146.31,2024-12-03
ITM10116,Apparel,385,96,20.6,0.58,L35,C,167,198.59,2024-09-06
ITM10117,Groceries,72,99,21.74,0.85,L9,C,107,96.16,2024-01-09
ITM10118,Electronics,427,15,31.68,0.41,L28,C,113,36.75,2024-01-04
ITM10119,Apparel,354,79,15.05,0.26,L73,A,53,148.19,2024-09-29
ITM10120,Apparel,41,53,48.49,0.6,L92,A,175,157.77,2024-10-09
ITM10121,Pharma,49,81,30.83,0.95,L41,A,60,172.04,2024-07-29
ITM10122,Automotive,210,33,20.57,0.57,L28,B,27,67.28,2024-01-07
ITM10123,Groceries,279,95,32.61,0.85,L84,A,14,107.03,2024-01-09
ITM10124,Electronics,224,28,20.37,0.78,L64,C,177,172.93,2024-09-28
ITM10125,Pharma,78,27,41.07,0.57,L51,A,15,174.3,2024-05-20
ITM10126,Automotive,490,39,28.82,0.68,L83,A,85,14.88,2024-10-01
ITM10127,Pharma,283,51,3.06,0.47,L59,D,124,137.47,2024-05-26
ITM10128,Automotive,485,42,9.66,0.58,L19,A,21,124.32,2024-01-09
ITM10129,Automotive,31,83,43.38,0.56,L34,D,21,25.83,2024-09-14
ITM10130,Groceries,138,21,28.58,0.74,L18,A,82,186.73,2024-12-23
ITM10131,Automotive,434,36,47.57,0.47,L32,D,115,94.62,2024-12-11
ITM10132,Pharma,481,48,4.55,0.19,L96,C,159,138.11,2024-08-08
ITM10133,Automotive,309,18,15.47,0.81,L72,A,58,177.73,2024-04-01
ITM10134,Groceries,357,30,10.48,0.72,L69,C,13,34.72,2024-02-24
ITM10135,Groceries,267,85,28.14,0.96,L34,A,12,172.61,2024-02-19
ITM10136,Pharma,373,38,19.76,0.49,L96,B,153,147.62,2024-09-25
ITM10137,Apparel,146,42,8.71,0.17,L75,B,23,169.52,2024-03-17
ITM10138,Apparel,94,71,32.49,0.21,L55,C,73,104.02,2024-05-03
ITM10139,Automotive,380,24,27.28,0.8,L75,C,129,16.36,2024-04-08
ITM10140,Electronics,223,11,14.46,0.16,L52,B,178,137.4,2024-11-13
ITM10141,Automotive,68,61,24.51,0.92,L47,B,77,81.16,2024-09-26
ITM10142,Pharma,98,53,37.54,0.35,L29,D,68,86.46,2024-05-09
ITM10143,Pharma,460,63,11.06,0.91,L18,A,139,93.84,2024-06-30
ITM10144,Pharma,498,27,15.35,0.8,L66,B,128,103.65,2024-05-16
ITM10145,Pharma,260,12,17.96,0.88,L64,C,19,135.77,2024-07-22
ITM10146,Pharma,368,16,37.59,0.29,L12,C,84,148.09,2024-02-10
ITM10147,Groceries,173,52,42.5,0.64,L97,B,99,157.6,2024-07-10
ITM10148,Apparel,293,91,19.44,0.18,L7,C,110,137.61,2024-07-26
ITM10149,Pharma,115,47,15.53,0.28,L15,A,163,162.66,2024-08-23
ITM10150,Electronics,233,46,44.58,0.38,L20,D,141,33.21,2024-10-16
ITM10151,Electronics,313,67,49.97,0.77,L81,A,37,169.0,2024-05-04
ITM10152,Electronics,228,42,33.85,0.12,L21,D,139,83.58,2024-12-22
ITM10153,Electronics,362,68,49.51,0.91,L88,D,75,110.47,2024-04-25
ITM10154,Groceries,107,20,33.34,0.16,L55,B,153,92.42,2024-06-02
ITM10155,Electronics,325,77,36.94,0.44,L77,C,133,100.39,2024-12-16
ITM10156,Pharma,283,91,20.04,0.17,L9,D,66,64.23,2024-02-11
ITM10157,Automotive,444,77,22.22,0.79,L50,B,160,42.29,2024-11-30
ITM10158,Electronics,409,97,8.06,0.23,L49,C,160,29.93,2024-11-28
ITM10159,Groceries,344,31,41.31,0.9,L77,C,30,95.77,2024-01-17
ITM10160,Groceries,447,75,46.62,0.58,L60,D,112,33.8,2024-02-17
ITM10161,Electronics,396,53,31.55,0.95,L68,C,162,56.55,2024-07-26
ITM10162,Automotive,339,15,17.84,0.36,L33,A,67,35.39,2024-07-13
ITM10163,Electronics,176,51,8.55,0.51,L71,C,46,30.73,2024-07-12
ITM10164,Groceries,175,34,13.99,0.72,L2,A,152,177.67,2024-10-09
ITM10165,Apparel,158,66,13.52,0.85,L88,C,165,138.06,2024-08-31
ITM10166,Pharma,140,94,31.06,0.48,L93,D,141,185.51,2024-01-29
ITM10167,Groceries,84,64,47.31,0.9,L15,D,56,132.36,2024-11-22
ITM10168,Electronics,126,25,3.37,0.21,L88,B,112,170.35,2024-01-05
ITM10169,Pharma,166,23,1.05,0.74,L69,A,81,115.51,2024-12-25
ITM10170,Electronics,156,48,30.41,0.41,L97,A,98,97.9,2024-03-28
ITM10171,Electronics,430,37,14.92,0.19,L35,D,67,110.41,2024-02-12
ITM10172,Apparel,181,60,44.15,0.45,L99,D,114,70.84,2024-09-12
ITM10173,Pharma,447,58,17.04,0.89,L83,D,78,135.01,2024-08-10
ITM10174,Pharma,471,18,15.2,0.98,L44,A,55,180.46,2024-11-26
ITM10175,Apparel,119,67,14.21,0.45,L15,B,162,158.65,2024-06-18
ITM10176,Groceries,357,54,8.1,0.9,L38,A,34,97.78,2024-10-16
ITM10177,Electronics,418,31,29.49,0.56,L56,D,130,191.24,2024-02-18
ITM10178,Automotive,326,41,9.24,0.75,L21,B,44,197.23,2024-09-27
ITM10179,Electronics,160,78,21.81,0.14,L59,C,24,103.69,2024-01-22
ITM10180,Electronics,102,96,23.59,0.6,L1,C,115,174.28,2024-04-27
ITM10181,Groceries,196,78,2.0,0.16,L93,D,137,10.91,2024-04-18
ITM10182,Electronics,217,51,1.82,0.34,L93,B,83,22.66,2024-12-20
ITM10183,Apparel,131,62,26.49,0.61,L34,D,97,14.25,2024-10-17
ITM10184,Apparel,75,68,35.11,0.83,L65,A,172,156.9,2024-08-31
ITM10185,Pharma,479,83,47.16,0.6,L98,A,38,25.16,2024-05-18
ITM10186,Automotive,198,48,9.78,0.94,L23,B,47,13.24,2024-01-24
ITM10187,Electronics,440,24,6.06,0.83,L65,D,33,38.01,2024-02-08
ITM10188,Electronics,420,80,3.55,0.24,L14,D,28,68.2,2024-12-16
ITM10189,Groceries,205,38,22.37,0.45,L81,C,58,98.29,2024-05-23
ITM10190,Apparel,490,12,31.53,0.7,L39,B,53,22.43,2024-10-05
ITM10191,Automotive,237,92,42.19,0.94,L82,D,163,104.81,2024-10-15
ITM10192,Pharma,432,19,34.45,0.99,L65,A,162,57.13,2024-12-02
ITM10193,Apparel,436,38,11.21,0.79,L78,D,44,62.13,2024-01-17
ITM10194,Pharma,335,88,23.63,0.62,L26,D,173,166.16,2024-04-01
ITM10195,Groceries,494,44,45.61,0.78,L20,A,151,197.52,2024-06-10
ITM10196,Groceries,236,15,17.01,0.35,L48,A,65,98.13,2024-01-09
ITM10197,Electronics,139,21,25.44,0.36,L98,D,143,71.14,2024-04-16
ITM10198,Automotive,458,47,47.97,0.69,L21,A,41,186.98,2024-10-27
ITM10199,Pharma,413,86,37.0,0.88,L70,C,35,105.09,2024-03-14
ITM10200,Apparel,194,28,37.64,0.97,L100,C,152,148.77,2024-12-30
ITM10201,Groceries,42,76,13.36,0.41,L68,C,65,88.61,2024-07-22
ITM10202,Electronics,232,17,21.32,0.82,L1,A,46,48.48,2024-02-09
ITM10203,Electronics,424,17,5.03,0.87,L77,A,134,134.43,2024-06-02
ITM10204,Pharma,254,93,30.72,0.66,L42,A,62,136.32,2024-03-24
ITM10205,Groceries,32,56,6.08,0.41,L63,B,110,97.43,2024-10-15
ITM10206,Automotive,120,13,41.96,0.66,L3,A,87,61.29,2024-05-03
ITM10207,Groceries,436,60,40.91,0.63,L15,C,45,168.04,2024-10-17
ITM10208,Pharma,43,94,27.15,0.65,L47,C,110,62.31,2024-07-18
ITM10209,Pharma,383,76,7.92,0.66,L40,C,20,135.21,2024-12-12
ITM10210,Groceries,30,54,2.25,0.86,L31,B,36,82.96,2024-10-03
ITM10211,Pharma,292,17,40.04,0.25,L8,D,11,99.77,2024-06-18
ITM10212,Groceries,471,96,30.41,0.43,L31,C,31,50.17,2024-07-15
ITM10213,Apparel,450,25,35.84,0.63,L73,B,75,133.4,2024-03-12
ITM10214,Groceries,300,86,15.89,0.35,L11,D,121,52.91,2024-12-18
ITM10215,Groceries,113,76,25.96,0.98,L11,B,26,102.29,2024-02-10
ITM10216,Pharma,220,18,37.61,0.34,L94,B,141,72.41,2024-09-13
ITM10217,Pharma,40,69,23.67,0.52,L63,D,23,193.09,2024-06-26
ITM10218,Electronics,359,87,30.47,0.89,L9,A,16,196.62,2024-01-28
ITM10219,Electronics,486,86,39.7,0.17,L98,A,88,153.16,2024-02-20
ITM10220,Apparel,230,80,11.55,0.84,L69,C,153,196.94,2024-08-11
ITM10221,Electronics,159,24,4.23,0.61,L99,D,113,31.57,2024-04-28
ITM10222,Groceries,312,80,27.06,0.13,L17,C,156,198.54,2024-02-08
ITM10223,Pharma,317,50,4.04,0.91,L17,B,10,29.68,2024-06-23
ITM10224,Electronics,420,31,38.56,0.14,L85,A,40,88.94,2024-11-05
ITM10225,Electronics,120,33,36.24,0.56,L61,C,137,55.4,2024-11-10
ITM10226,Apparel,323,53,44.2,0.14,L71,C,141,191.23,2024-10-31
ITM10227,Apparel,378,10,32.34,0.16,L22,A,100,130.8,2024-07-22
ITM10228,Groceries,47,19,4.29,0.9,L34,B,67,123.45,2024-06-16
ITM10229,Pharma,60,89,13.4,0.79,L68,C,65,199.51,2024-01-16
ITM10230,Apparel,374,81,40.59,0.28,L78,C,52,126.36,2024-11-20
ITM10231,Electronics,322,65,9.19,0.66,L55,D,83,132.77,2024-05-19
ITM10232,Pharma,165,98,35.23,0.82,L28,D,58,18.51,2024-08-18
ITM10233,Pharma,275,59,39.23,0.9,L70,A,121,173.22,2024-09-08
ITM10234,Electronics,481,21,17.18,0.52,L97,A,117,194.32,2024-04-26
ITM10235,Apparel,246,98,16.79,0.91,L94,B,69,192.46,2024-07-01
ITM10236,Electronics,255,90,28.33,0.56,L89,B,103,52.01,2024-10-10
ITM10237,Pharma,380,69,43.2,0.72,L26,C,153,52.92,2024-07-11
ITM10238,Automotive,399,35,11.97,0.98,L92,D,82,79.55,2024-08-09
ITM10239,Automotive,474,87,47.12,0.31,L40,B,108,68.94,2024-04-05
ITM10240,Groceries,32,50,30.36,0.25,L52,C,123,68.07,2024-12-14
ITM10241,Electronics,229,45,49.61,0.41,L86,C,24,124.99,2024-10-26
ITM10242,Electronics,248,32,5.39,0.25,L84,A,72,163.07,2024-12-04
ITM10243,Groceries,416,52,7.2,0.36,L48,D,37,187.99,2024-07-13
ITM10244,Groceries,119,15,41.51,0.77,L57,C,157,22.89,2024-02-13
ITM10245,Groceries,50,78,43.37,0.53,L67,A,170,62.82,2024-11-12
ITM10246,Pharma,405,52,22.83,0.44,L58,C,45,58.45,2024-05-31
ITM10247,Electronics,35,34,35.99,0.43,L16,D,134,77.91,2024-05-06
ITM10248,Pharma,156,27,43.51,0.28,L32,C,150,90.62,2024-02-07
ITM10249,Groceries,348,71,3.11,0.5,L29,C,71,83.94,2024-02-12
ITM10250,Electronics,185,22,29.12,0.66,L9,B,160,190.91,2024-05-17
ITM10251,Pharma,478,52,42.82,0.23,L44,B,22,93.05,2024-03-19
ITM10252,Pharma,329,87,20.51,0.98,L3,A,97,114.8,2024-07-13
ITM10253,Groceries,459,37,15.82,0.5,L76,C,49,152.24,2024-12-30
ITM10254,Electronics,489,27,39.99,0.95,L71,A,167,147.77,2024-11-20
ITM10255,Groceries,119,68,17.45,0.22,L30,D,133,120.76,2024-03-19
ITM10256,Electronics,128,69,1.16,0.79,L76,A,34,173.56,2024-07-18
ITM10257,Automotive,362,72,48.02,0.66,L29,C,163,128.59,2024-06-11
ITM10258,Apparel,192,66,30.01,0.84,L1,B,33,176.2,2024-07-03
ITM10259,Apparel,256,60,41.16,0.64,L10,B,106,67.53,2024-02-24
ITM10260,Apparel,181,65,41.44,0.97,L91,A,48,35.08,2024-02-16
ITM10261,Groceries,412,36,4.25,0.66,L81,B,118,165.71,2024-01-03
ITM10262,Automotive,235,41,9.37,0.81,L8,C,70,82.68,2024-06-06
ITM10263,Electronics,283,18,16.24,0.89,L30,C,178,133.71,2024-08-15
ITM10264,Pharma,282,93,16.71,0.74,L9,D,29,150.09,2024-07-03
ITM10265,Electronics,311,77,33.28,0.57,L5,B,25,72.07,2024-05-18
ITM10266,Pharma,293,55,31.53,0.35,L43,B,158,105.98,2024-02-22
ITM10267,Electronics,22,76,25.23,0.87,L10,D,24,180.04,2024-03-08
ITM10268,Automotive,47,35,11.35,0.53,L66,A,176,177.16,2024-02-14
ITM10269,Pharma,345,17,19.72,0.66,L31,D,51,152.38,2024-04-05
ITM10270,Groceries,447,15,27.64,0.17,L36,B,13,154.92,2024-08-08
ITM10271,Electronics,168,89,23.93,0.55,L86,A,161,180.56,2024-08-17
ITM10272,Electronics,47,33,7.24,0.73,L63,C,140,149.9,2024-10-12
ITM10273,Pharma,329,57,32.83,0.63,L28,C,123,74.52,2024-10-11
ITM10274,Groceries,457,54,4.58,0.5,L70,D,138,32.95,2024-09-19
ITM10275,Groceries,84,22,19.53,0.3,L17,C,150,90.16,2024-07-27
ITM10276,Automotive,375,78,35.79,0.38,L93,B,63,26.6,2024-02-22
ITM10277,Groceries,40,34,1.98,0.73,L74,D,91,32.0,2024-01-14
ITM10278,Groceries,271,29,28.93,0.3,L74,B,49,190.53,2024-02-15
ITM10279,Groceries,254,91,17.39,0.66,L61,B,136,138.42,2024-06-30
ITM10280,Apparel,246,91,1.43,0.63,L32,A,148,171.81,2024-10-10
ITM10281,Automotive,32,75,10.33,0.97,L61,A,51,132.15,2024-02-17
ITM10282,Electronics,332,83,47.11,0.15,L53,A,102,89.52,2024-11-01
ITM10283,Pharma,68,54,26.54,0.2,L25,C,13,14.78,2024-11-02
ITM10284,Electronics,137,56,49.86,0.56,L13,A,34,191.61,2024-06-15
ITM10285,Automotive,73,72,26.72,0.57,L13,B,109,23.48,2024-07-16
ITM10286,Pharma,157,85,27.65,0.14,L85,D,173,125.93,2024-01-07
ITM10287,Automotive,72,86,20.2,0.84,L56,D,134,29.42,2024-05-29
ITM10288,Groceries,63,64,16.19,0.55,L46,B,49,63.99,2024-07-30
ITM10289,Pharma,322,84,13.33,0.41,L55,C,101,45.31,2024-07-17
ITM10290,Groceries,72,28,17.83,0.39,L53,D,145,115.21,2024-02-13
ITM10291,Electronics,93,44,23.53,0.88,L60,B,94,178.54,2024-10-13
ITM10292,Electronics,65,62,10.41,0.28,L94,B,44,130.77,2024-05-04
ITM10293,Pharma,32,35,12.02,0.24,L7,B,155,136.2,2024-10-19
ITM10294,Pharma,184,23,14.31,0.29,L87,D,56,182.7,2024-09-23
ITM10295,Automotive,121,54,23.01,0.66,L84,D,162,152.39,2024-03-27
ITM10296,Automotive,299,53,32.99,0.83,L83,A,178,174.53,2024-12-16
ITM10297,Groceries,277,97,42.95,0.4,L13,A,14,89.11,2024-07-13
ITM10298,Pharma,489,74,15.07,0.26,L8,B,134,174.42,2024-03-27
ITM10299,Electronics,356,60,10.0,0.29,L52,B,120,132.71,2024-03-12
ITM10300,Automotive,375,52,19.56,0.66,L94,B,81,35.77,2024-05-17
ITM10301,Automotive,417,95,44.82,0.32,L44,B,96,17.36,2024-06-03
ITM10302,Electronics,157,32,1.48,0.89,L14,D,12,56.37,2024-05-17
ITM10303,Automotive,182,65,34.22,0.19,L32,A,174,81.89,2024-09-09
ITM10304,Groceries,428,28,24.38,0.13,L25,C,102,169.14,2024-03-15
ITM10305,Pharma,406,91,8.89,0.18,L25,B,50,150.84,2024-02-02
ITM10306,Electronics,130,85,16.73,0.86,L69,A,157,191.52,2024-03-26
ITM10307,Pharma,121,64,12.02,0.69,L58,B,96,116.24,2024-08-10
ITM10308,Automotive,36,69,44.01,0.96,L18,D,177,152.07,2024-05-21
ITM10309,Automotive,287,68,24.61,0.4,L55,C,94,62.3,2024-08-03
ITM10310,Electronics,201,42,28.59,0.29,L24,A,145,139.12,2024-06-02
ITM10311,Groceries,391,28,30.09,0.61,L36,A,142,144.17,2024-09-04
ITM10312,Apparel,43,37,32.34,0.58,L60,C,34,171.2,2024-02-09
ITM10313,Electronics,48,61,25.28,0.63,L32,D,48,111.92,2024-07-03
ITM10314,Apparel,190,58,1.88,0.41,L10,C,174,133.31,2024-05-08
ITM10315,Apparel,428,46,17.4,0.11,L57,A,134,48.58,2024-05-06
ITM10316,Groceries,247,35,10.01,0.13,L71,C,114,149.98,2024-11-16
ITM10317,Apparel,397,49,34.33,0.7,L13,D,14,169.3,2024-09-10
ITM10318,Apparel,207,89,3.78,0.57,L7,D,145,122.81,2024-10-31
ITM10319,Groceries,365,47,28.63,0.84,L84,B,13,31.98,2024-11-11
ITM10320,Apparel,249,86,11.32,0.37,L70,C,178,69.44,2024-04-10
ITM10321,Apparel,340,96,47.49,0.83,L2,C,69,100.35,2024-08-22
ITM10322,Apparel,359,63,17.44,0.48,L12,A,63,138.66,2024-02-24
ITM10323,Electronics,138,31,16.94,0.19,L97,D,159,70.86,2024-03-10
ITM10324,Electronics,175,25,46.25,0.98,L31,C,87,169.66,2024-06-04
ITM10325,Electronics,291,37,21.45,0.56,L22,A,28,80.64,2024-01-04
ITM10326,Groceries,194,44,48.18,0.67,L53,B,108,18.14,2024-07-21
ITM10327,Automotive,484,69,2.18,0.7,L63,C,77,160.86,2024-06-19
ITM10328,Apparel,123,54,16.01,0.43,L62,C,42,132.4,2024-11-13
ITM10329,Apparel,111,55,33.64,0.77,L28,A,159,162.37,2024-07-13
ITM10330,Groceries,205,81,44.65,0.88,L52,A,148,76.29,2024-06-17
ITM10331,Apparel,479,64,13.56,0.45,L8,D,25,13.35,2024-08-13
ITM10332,Electronics,302,95,46.59,0.69,L22,D,136,24.01,2024-06-20
ITM10333,Automotive,200,94,30.11,0.78,L49,D,102,31.24,2024-08-08
ITM10334,Pharma,189,35,40.25,0.27,L1,C,53,162.98,2024-11-29
ITM10335,Apparel,206,94,20.46,0.4,L50,A,18,67.27,2024-10-31
ITM10336,Electronics,194,34,11.4,0.2,L34,D,87,199.6,2024-03-10
ITM10337,Pharma,241,74,45.65,0.64,L59,C,88,154.09,2024-06-02
ITM10338,Automotive,252,15,46.72,0.82,L37,D,95,124.22,2024-06-13
ITM10339,Pharma,181,32,25.38,0.65,L55,B,24,196.89,2024-11-04
ITM10340,Electronics,440,73,1.32,0.26,L90,C,15,70.1,2024-12-21
ITM10341,Pharma,153,96,6.38,0.59,L94,D,10,41.47,2024-04-12
ITM10342,Groceries,410,52,29.08,0.85,L72,D,29,150.08,2024-09-02
ITM10343,Pharma,499,32,2.17,0.37,L85,B,173,62.84,2024-06-09
ITM10344,Apparel,243,39,20.45,0.85,L92,B,139,192.6,2024-03-31
ITM10345,Apparel,172,86,15.87,0.81,L63,D,79,197.73,2024-07-22
ITM10346,Groceries,52,27,36.0,0.12,L20,D,11,186.02,2024-06-12
ITM10347,Electronics,74,96,3.72,0.32,L25,A,140,189.5,2024-05-29
ITM10348,Apparel,461,88,24.95,0.59,L38,D,16,126.97,2024-12-21
ITM10349,Automotive,26,30,29.38,0.75,L28,D,93,141.5,2024-11-20
ITM10350,Apparel,263,66,31.25,0.89,L8,A,178,27.91,2024-09-08
ITM10351,Apparel,332,32,20.85,0.68,L75,A,63,154.98,2024-10-21
ITM10352,Electronics,145,54,15.91,0.44,L95,D,50,48.39,2024-05-04
ITM10353,Pharma,31,53,34.44,0.27,L70,A,124,169.66,2024-06-15
ITM10354,Apparel,35,91,42.53,0.78,L8,C,142,192.69,2024-07-11
ITM10355,Groceries,227,97,34.99,0.29,L96,B,111,50.35,2024-05-23
ITM10356,Pharma,62,56,46.67,0.73,L41,C,91,24.83,2024-07-20
ITM10357,Automotive,392,49,36.15,0.26,L8,B,72,101.94,2024-07-05
ITM10358,Electronics,480,60,38.47,0.18,L7,B,10,160.39,2024-02-28
ITM10359,Automotive,154,51,9.23,0.33,L75,D,34,156.42,2024-10-15
ITM10360,Pharma,247,16,21.56,0.36,L62,B,152,142.4,2024-04-12
ITM10361,Pharma,130,59,24.77,0.68,L65,C,154,165.93,2024-10-30
ITM10362,Pharma,326,57,13.56,0.24,L68,D,158,43.25,2024-10-06
ITM10363,Automotive,476,93,26.9,0.94,L21,A,64,133.87,2024-04-02
ITM10364,Pharma,179,15,15.25,0.6,L8,C,116,125.08,2024-12-15
ITM10365,Automotive,350,18,34.69,0.54,L66,D,147,39.15,2024-10-08
ITM10366,Pharma,283,66,24.04,0.49,L11,B,74,88.74,2024-01-14
ITM10367,Groceries,244,40,23.48,0.61,L24,C,46,171.98,2024-08-24
ITM10368,Pharma,490,30,49.2,0.12,L9,B,121,194.64,2024-12-28
ITM10369,Automotive,236,99,20.23,0.99,L77,D,16,136.43,2024-04-17
ITM10370,Apparel,475,49,18.75,0.6,L9,D,85,185.17,2024-08-12
ITM10371,Pharma,64,54,16.61,0.13,L87,A,49,35.09,2024-05-29
ITM10372,Apparel,233,86,44.84,0.63,L31,A,10,195.26,2024-12-20
ITM10373,Groceries,78,58,25.34,0.49,L52,C,157,16.37,2024-02-05
ITM10374,Electronics,151,96,30.4,0.12,L16,A,117,110.18,2024-07-28
ITM10375,Groceries,123,29,9.86,0.93,L73,B,168,65.29,2024-12-10
ITM10376,Pharma,214,26,27.51,0.11,L32,B,77,164.64,2024-09-12
ITM10377,Apparel,432,37,14.46,0.62,L75,A,21,51.33,2024-03-12
ITM10378,Apparel,176,50,36.8,0.97,L77,A,159,12.19,2024-11-20
ITM10379,Automotive,117,75,41.79,0.31,L6,A,138,88.78,2024-06-04
ITM10380,Apparel,245,34,36.03,0.33,L80,C,135,22.18,2024-05-03
ITM10381,Automotive,431,67,36.78,0.1,L11,C,10,65.12,2024-05-09
ITM10382,Electronics,224,50,26.11,0.16,L54,B,140,132.31,2024-12-03
ITM10383,Pharma,98,15,35.89,0.14,L85,C,126,65.99,2024-03-19
ITM10384,Automotive,143,84,21.71,0.84,L75,C,158,56.7,2024-08-04
ITM10385,Electronics,490,47,32.92,0.85,L73,D,22,39.54,2024-07-12
ITM10386,Apparel,447,15,13.69,0.75,L67,B,150,35.68,2024-02-07
ITM10387,Apparel,237,54,4.42,0.42,L41,B,114,109.91,2024-08-17
ITM10388,Electronics,23,84,21.26,0.84,L34,A,170,139.49,2024-11-02
ITM10389,Apparel,109,23,23.63,0.59,L27,D,143,96.02,2024-09-02
ITM10390,Electronics,123,75,13.56,0.37,L86,A,34,33.48,2024-10-25
ITM10391,Automotive,412,49,36.66,0.49,L92,C,160,133.07,2024-07-24
ITM10392,Automotive,138,12,4.6,0.16,L41,B,97,115.85,2024-09-30
ITM10393,Electronics,152,33,11.91,0.95,L31,C,110,82.44,2024-09-16
ITM10394,Automotive,331,28,37.68,0.66,L34,C,35,72.71,2024-12-20
ITM10395,Automotive,115,27,22.42,0.76,L51,D,141,44.8,2024-08-02
ITM10396,Automotive,487,73,35.56,0.71,L17,D,111,37.8,2024-10-05
ITM10397,Groceries,453,97,28.81,0.7,L86,B,172,74.37,2024-01-19
ITM10398,Pharma,350,44,47.58,0.12,L83,B,109,17.91,2024-07-03
ITM10399,Apparel,162,71,30.29,0.57,L39,D,34,92.96,2024-12-25
ITM10400,Groceries,307,10,1.73,0.84,L59,D,157,124.3,2024-10-01
ITM10401,Automotive,47,34,18.29,0.14,L41,D,10,188.91,2024-10-31
ITM10402,Electronics,297,54,8.01,0.96,L97,D,103,128.91,2024-11-22
ITM10403,Automotive,252,58,46.31,0.48,L10,B,77,128.57,2024-02-13
ITM10404,Pharma,36,98,6.1,0.36,L2,B,32,81.14,2024-02-25
ITM10405,Automotive,78,25,20.0,0.58,L59,C,115,35.33,2024-05-07
ITM10406,Electronics,109,28,12.08,0.82,L80,C,159,94.92,2024-12-02
ITM10407,Pharma,218,32,42.49,0.53,L73,C,104,123.75,2024-12-06
ITM10408,Automotive,381,92,16.12,0.68,L13,B,71,147.57,2024-06-30
ITM10409,Pharma,460,34,49.6,0.55,L10,A,138,166.96,2024-03-26
ITM10410,Apparel,45,25,2.89,0.67,L69,C,77,58.63,2024-11-27
ITM10411,Apparel,44,63,7.29,0.22,L28,A,156,55.83,2024-11-09
ITM10412,Automotive,413,82,12.01,0.13,L65,A,39,117.41,2024-01-23
ITM10413,Pharma,320,10,40.74,0.22,L34,A,138,117.54,2024-10-15
ITM10414,Electronics,358,51,44.05,0.36,L17,D,57,51.41,2024-11-26
ITM10415,Automotive,286,28,4.5,0.33,L45,B,28,121.62,2024-12-12
ITM10416,Apparel,480,43,2.59,0.65,L9,B,136,75.72,2024-11-27
ITM10417,Apparel,200,89,37.48,0.51,L32,C,159,131.47,2024-07-23
ITM10418,Automotive,475,64,7.53,0.13,L48,C,59,65.3,2024-06-18
ITM10419,Pharma,379,27,7.52,0.13,L37,B,143,122.54,2024-08-08
ITM10420,Apparel,87,43,2.1,0.18,L21,D,158,155.98,2024-02-24
ITM10421,Pharma,370,98,3.44,0.42,L57,B,156,196.23,2024-01-06
ITM10422,Apparel,431,54,13.92,0.11,L70,A,174,183.1,2024-02-20
ITM10423,Apparel,478,15,4.19,0.54,L91,B,72,105.67,2024-05-12
ITM10424,Groceries,340,30,19.08,0.42,L39,D,166,102.79,2024-04-23
ITM10425,Apparel,68,79,41.81,0.6,L79,B,171,93.16,2024-09-18
ITM10426,Electronics,194,57,16.99,0.75,L84,B,138,15.27,2024-09-22
ITM10427,Automotive,71,48,36.66,0.33,L68,B,57,41.53,2024-10-12
ITM10428,Automotive,121,40,5.6,0.24,L2,A,98,21.25,2024-10-24
ITM10429,Pharma,235,19,33.31,0.35,L86,C,136,142.31,2024-12-18
ITM10430,Apparel,457,39,16.52,0.1,L71,D,158,88.51,2024-10-21
ITM10431,Electronics,207,27,37.74,0.21,L39,A,171,22.12,2024-04-23
ITM10432,Pharma,76,69,7.68,0.78,L85,B,163,141.21,2024-08-16
ITM10433,Groceries,66,97,45.0,0.3,L14,B,45,132.44,2024-07-10
ITM10434,Pharma,178,82,12.89,0.99,L18,C,160,146.79,2024-07-19
ITM10435,Pharma,193,24,18.3,0.25,L34,C,90,123.97,2024-08-25
ITM10436,Apparel,261,13,47.56,0.81,L15,C,56,40.69,2024-12-13
ITM10437,Groceries,301,72,29.35,0.73,L14,A,157,21.66,2024-10-28
ITM10438,Pharma,260,49,18.92,0.39,L96,D,36,165.26,2024-12-19
ITM10439,Electronics,389,18,47.53,0.4,L71,C,174,51.0,2024-09-13
ITM10440,Electronics,24,18,17.12,0.61,L20,B,61,113.08,2024-03-18
ITM10441,Automotive,103,35,5.65,0.87,L35,D,84,102.19,2024-06-25
ITM10442,Groceries,327,13,49.85,0.45,L37,B,101,185.0,2024-01-13
ITM10443,Groceries,380,90,14.12,0.16,L78,B,71,114.96,2024-09-04
ITM10444,Automotive,478,25,42.71,0.44,L27,D,75,120.2,2024-02-23
ITM10445,Pharma,267,24,9.11,0.29,L92,A,161,70.71,2024-05-31
ITM10446,Groceries,73,61,36.84,0.95,L44,D,89,192.15,2024-07-31
ITM10447,Electronics,180,78,26.7,0.73,L27,C,149,126.35,2024-02-13
ITM10448,Electronics,453,14,49.06,0.15,L88,D,153,10.95,2024-02-29
ITM10449,Apparel,441,29,28.09,0.36,L82,C,173,115.66,2024-03-13
ITM10450,Groceries,430,88,2.23,0.15,L34,C,139,79.13,2024-06-27
ITM10451,Pharma,245,27,30.59,0.85,L65,D,73,16.1,2024-06-08
ITM10452,Automotive,34,11,8.12,0.92,L63,D,38,91.99,2024-06-24
ITM10453,Automotive,243,22,40.13,0.2,L33,C,96,156.98,2024-08-21
ITM10454,Pharma,80,13,42.97,0.5,L7,B,105,105.72,2024-04-15
ITM10455,Apparel,141,51,24.62,0.94,L12,D,40,131.5,2024-09-23
ITM10456,Automotive,296,83,39.38,0.23,L82,A,92,131.55,2024-09-04
ITM10457,Groceries,65,70,8.11,0.36,L55,C,152,137.49,2024-06-27
ITM10458,Apparel,472,17,25.11,0.37,L36,B,42,83.64,2024-08-31
ITM10459,Groceries,409,76,20.3,0.13,L6,D,109,80.3,2024-02-19
ITM10460,Electronics,313,72,30.95,0.13,L1,D,157,10.87,2024-08-12
ITM10461,Apparel,81,18,3.18,0.96,L43,B,82,39.3,2024-12-22
ITM10462,Automotive,105,20,37.85,0.61,L99,A,175,190.65,2024-08-19
ITM10463,Apparel,465,51,4.88,0.38,L17,C,140,170.06,2024-06-12
ITM10464,Apparel,229,22,33.17,0.44,L82,D,27,62.27,2024-02-04
ITM10465,Apparel,97,45,1.9,0.74,L34,A,135,86.23,2024-06-02
ITM10466,Apparel,221,22,41.76,0.43,L21,C,16,188.59,2024-01-23
ITM10467,Groceries,321,21,9.56,0.3,L95,A,172,57.58,2024-12-29
ITM10468,Electronics,416,46,26.26,0.19,L57,C,133,111.18,2024-02-28
ITM10469,Pharma,242,83,13.81,0.76,L71,C,123,14.2,2024-01-12
ITM10470,Apparel,241,82,36.41,0.26,L91,A,93,127.75,2024-06-24
ITM10471,Automotive,22,61,16.75,0.16,L55,C,93,186.71,2024-11-27
ITM10472,Apparel,497,80,36.51,0.48,L72,D,92,178.1,2024-02-25
ITM10473,Automotive,25,11,14.96,0.14,L2,D,114,105.37,2024-12-12
ITM10474,Groceries,112,65,37.87,0.97,L15,A,111,133.43,2024-03-25
ITM10475,Automotive,27,69,2.5,0.66,L10,A,102,118.26,2024-05-04
ITM10476,Pharma,447,32,14.88,0.24,L89,C,69,22.73,2024-09-21
ITM10477,Electronics,254,49,25.43,0.26,L20,C,111,40.16,2024-03-30
ITM10478,Automotive,127,73,3.21,0.61,L70,A,33,193.13,2024-10-09
ITM10479,Automotive,180,94,10.12,0.42,L5,B,118,58.63,2024-03-22
ITM10480,Electronics,228,32,46.79,0.8,L48,A,176,83.05,2024-06-18
ITM10481,Pharma,259,38,48.86,0.59,L75,B,149,106.7,2024-10-13
ITM10482,Apparel,350,87,37.25,0.49,L71,B,103,196.04,2024-08-06
ITM10483,Automotive,352,99,13.36,0.97,L19,A,73,141.1,2024-08-24
ITM10484,Electronics,69,60,13.77,0.45,L56,A,13,129.62,2024-04-28
ITM10485,Groceries,30,78,32.64,0.46,L17,A,103,109.64,2024-07-26
ITM10486,Electronics,370,98,6.76,0.7,L6,B,142,143.13,2024-11-18
ITM10487,Groceries,175,40,47.47,0.83,L40,D,25,136.16,2024-04-04
ITM10488,Pharma,89,59,12.02,0.66,L47,D,36,181.54,2024-04-05
ITM10489,Apparel,188,29,49.98,0.73,L6,A,141,112.95,2024-11-23
ITM10490,Electronics,291,64,25.29,0.44,L46,A,81,90.09,2024-12-02
ITM10491,Automotive,87,90,38.8,0.53,L27,C,57,163.36,2024-08-09
ITM10492,Pharma,374,11,1.11,0.28,L88,C,145,161.96,2024-07-21
ITM10493,Electronics,271,34,44.55,0.71,L32,C,90,42.27,2024-01-15
ITM10494,Automotive,67,22,14.23,0.3,L86,A,53,54.99,2024-11-10
ITM10495,Electronics,203,79,33.73,0.1,L14,D,61,192.14,2024-04-11
ITM10496,Groceries,339,76,40.51,0.94,L46,D,43,94.38,2024-08-18
ITM10497,Electronics,206,67,9.04,0.38,L100,A,30,108.74,2024-10-30
ITM10498,Electronics,109,91,22.68,0.28,L72,A,33,68.93,2024-08-07
ITM10499,Electronics,465,84,25.2,0.34,L53,B,53,101.4,2024-07-18
ITM10500,Pharma,351,93,16.29,0.4,L80,B,123,151.24,2024-01-03
ITM10501,Electronics,158,73,24.61,0.53,L96,D,178,101.65,2024-12-26
ITM10502,Automotive,376,78,16.56,0.16,L20,C,166,69.81,2024-04-19
ITM10503,Groceries,108,92,18.68,0.15,L31,D,112,28.24,2024-04-15
ITM10504,Groceries,293,95,33.8,0.36,L21,B,143,186.37,2024-05-22
ITM10505,Electronics,38,68,32.0,0.37,L23,D,65,175.61,2024-12-26
ITM10506,Pharma,490,69,12.38,0.21,L53,B,23,160.36,2024-02-02
ITM10507,Pharma,330,92,44.98,0.46,L4,B,110,141.87,2024-10-22
ITM10508,Automotive,377,71,43.28,0.36,L23,C,10,107.95,2024-02-22
ITM10509,Electronics,393,25,25.95,0.12,L95,C,21,180.51,2024-10-01
ITM10510,Groceries,485,97,22.23,0.9,L43,B,124,160.42,2024-04-05
ITM10511,Pharma,173,77,19.47,0.9,L53,A,115,165.04,2024-07-06
ITM10512,Electronics,409,24,35.66,0.29,L86,C,161,68.81,2024-06-15
ITM10513,Pharma,279,98,33.91,0.25,L95,B,46,90.46,2024-04-10
ITM10514,Pharma,127,64,10.61,0.59,L32,A,12,144.29,2024-08-22
ITM10515,Groceries,390,44,33.9,0.67,L35,A,164,80.5,2024-02-28
ITM10516,Apparel,304,64,13.37,0.96,L21,D,62,103.86,2024-05-14
ITM10517,Automotive,78,23,1.91,0.44,L90,D,109,132.84,2024-12-09
ITM10518,Automotive,144,58,35.26,0.66,L14,C,26,93.17,2024-09-07
ITM10519,Groceries,373,92,32.59,0.89,L49,A,122,160.68,2024-09-27
ITM10520,Pharma,292,16,21.13,0.5,L5,C,119,32.09,2024-11-23
ITM10521,Electronics,126,39,26.76,0.21,L61,B,152,146.43,2024-06-09
ITM10522,Pharma,318,92,47.41,0.44,L29,C,176,37.59,2024-11-01
ITM10523,Groceries,264,58,30.16,0.22,L26,A,13,188.19,2024-07-17
ITM10524,Automotive,355,98,33.24,0.11,L59,D,154,69.67,2024-11-08
ITM10525,Pharma,469,25,4.13,0.78,L45,C,148,161.13,2024-07-19
ITM10526,Automotive,437,60,9.13,0.31,L40,D,21,109.07,2024-10-27
ITM10527,Electronics,266,81,15.75,0.1,L30,C,41,27.31,2024-02-28
ITM10528,Automotive,27,91,27.43,0.89,L29,B,164,120.69,2024-06-27
ITM10529,Automotive,160,89,39.05,0.5,L4,A,52,183.31,2024-06-29
ITM10530,Apparel,381,92,16.74,0.31,L85,C,113,39.87,2024-08-22
ITM10531,Apparel,27,51,18.46,0.34,L25,B,102,71.05,2024-11-12
ITM10532,Apparel,497,26,13.55,0.32,L52,B,52,93.44,2024-03-29
ITM10533,Automotive,371,72,13.48,0.28,L43,B,140,62.26,2024-12-10
ITM10534,Groceries,113,54,47.49,0.86,L36,D,166,189.32,2024-12-27
ITM10535,Automotive,340,86,32.14,0.25,L9,D,94,81.73,2024-06-01
ITM10536,Groceries,446,16,8.64,0.61,L99,B,44,135.03,2024-11-10
ITM10537,Groceries,58,36,36.39,0.17,L36,B,126,52.54,2024-10-29
ITM10538,Apparel,100,19,36.38,0.95,L45,C,176,51.74,2024-02-13
ITM10539,Pharma,206,43,33.66,0.64,L83,C,161,43.41,2024-12-10
ITM10540,Electronics,103,45,7.6,0.91,L66,A,29,92.61,2024-03-09
ITM10541,Apparel,107,34,20.99,0.46,L52,C,152,111.24,2024-06-09
ITM10542,Apparel,261,15,6.23,0.83,L87,A,94,12.04,2024-03-01
ITM10543,Pharma,361,33,41.01,0.87,L69,A,126,168.26,2024-05-02
ITM10544,Electronics,112,27,33.1,0.73,L43,A,115,107.42,2024-06-05
ITM10545,Automotive,105,96,25.85,0.18,L4,D,155,39.87,2024-02-29
ITM10546,Automotive,63,15,17.81,0.11,L15,C,114,22.79,2024-04-03
ITM10547,Apparel,156,38,10.03,0.25,L34,B,102,22.01,2024-07-10
ITM10548,Electronics,440,34,6.22,0.21,L23,A,50,58.95,2024-12-21
ITM10549,Apparel,93,64,48.49,0.75,L75,B,109,104.87,2024-03-13
ITM10550,Groceries,55,90,10.78,0.6,L34,A,78,173.45,2024-09-18
ITM10551,Apparel,120,55,3.93,0.57,L5,C,115,181.56,2024-07-17
ITM10552,Apparel,495,33,48.12,0.33,L14,A,148,168.14,2024-08-02
ITM10553,Automotive,175,84,27.9,0.24,L77,C,155,72.43,2024-11-01
ITM10554,Automotive,445,35,40.04,0.29,L56,B,149,68.25,2024-03-11
ITM10555,Automotive,274,37,3.14,0.46,L45,C,153,197.62,2024-10-21
ITM10556,Groceries,190,12,28.78,0.77,L94,B,36,139.44,2024-07-15
ITM10557,Automotive,488,84,20.51,0.33,L41,C,109,67.94,2024-08-04
ITM10558,Electronics,235,47,38.83,0.73,L56,A,154,72.53,2024-04-05
ITM10559,Pharma,189,70,2.88,0.54,L78,A,94,92.58,2024-09-06
ITM10560,Electronics,271,87,20.68,0.9,L66,C,128,128.14,2024-11-21
ITM10561,Electronics,379,60,40.15,0.31,L15,B,40,180.62,2024-10-02
ITM10562,Automotive,341,99,26.61,0.51,L50,B,118,47.68,2024-12-21
ITM10563,Pharma,74,57,27.95,0.19,L74,B,172,26.04,2024-11-26
ITM10564,Pharma,475,30,5.76,0.4,L25,C,36,87.09,2024-03-29
ITM10565,Pharma,451,63,7.48,0.56,L33,C,96,56.64,2024-10-11
ITM10566,Groceries,110,65,34.17,0.76,L6,C,169,119.45,2024-03-26
ITM10567,Automotive,297,68,34.08,0.28,L91,C,26,142.85,2024-09-07
ITM10568,Pharma,120,81,48.98,0.3,L56,B,20,69.04,2024-05-27
ITM10569,Groceries,174,60,35.89,0.67,L1,B,138,140.24,2024-03-12
ITM10570,Apparel,396,29,25.17,0.44,L67,D,91,75.2,2024-04-05
ITM10571,Apparel,368,95,43.01,0.53,L69,C,58,130.64,2024-06-10
ITM10572,Groceries,470,68,6.12,0.85,L88,D,50,130.28,2024-08-18
ITM10573,Groceries,383,80,23.02,0.55,L93,C,29,62.85,2024-11-13
ITM10574,Automotive,160,18,15.07,0.69,L95,D,80,130.79,2024-01-28
ITM10575,Automotive,192,10,6.13,0.69,L95,B,46,82.38,2024-07-02
ITM10576,Apparel,29,38,38.41,0.82,L86,B,135,73.93,2024-01-05
ITM10577,Pharma,247,72,26.03,0.67,L26,D,153,64.96,2024-09-05
ITM10578,Apparel,284,81,28.28,0.16,L47,A,48,75.67,2024-03-10
ITM10579,Pharma,457,65,21.15,0.41,L56,C,118,159.48,2024-04-09
ITM10580,Pharma,267,77,23.56,0.99,L9,D,73,56.58,2024-07-15
ITM10581,Automotive,266,44,6.68,0.28,L86,D,32,139.58,2024-10-14
ITM10582,Electronics,174,12,33.97,0.63,L43,A,41,181.12,2024-09-15
ITM10583,Electronics,53,16,22.19,0.86,L80,B,132,76.58,2024-11-30
ITM10584,Groceries,148,36,41.02,0.63,L41,D,28,15.61,2024-09-10
ITM10585,Automotive,179,10,10.62,0.44,L85,B,115,14.68,2024-07-28
ITM10586,Pharma,108,89,11.05,0.17,L16,C,76,36.51,2024-12-16
ITM10587,Electronics,112,80,32.64,0.43,L93,A,176,30.91,2024-09-08
ITM10588,Pharma,346,53,42.45,0.26,L39,B,98,152.14,2024-07-31
ITM10589,Electronics,260,96,24.14,0.96,L65,D,69,66.02,2024-12-29
ITM10590,Electronics,342,50,36.62,0.74,L40,A,20,133.98,2024-08-15
ITM10591,Electronics,487,84,49.97,0.77,L86,A,58,18.07,2024-09-07
ITM10592,Automotive,423,51,49.52,0.49,L53,A,152,66.19,2024-03-26
ITM10593,Apparel,136,42,37.47,0.2,L42,A,137,54.49,2024-02-12
ITM10594,Pharma,113,59,37.24,0.34,L52,A,70,62.61,2024-10-16
ITM10595,Automotive,182,72,13.13,0.33,L90,C,152,46.24,2024-01-16
ITM10596,Automotive,118,46,41.84,0.54,L38,C,14,127.4,2024-04-22
ITM10597,Automotive,132,68,20.85,0.51,L71,A,38,135.91,2024-05-29
ITM10598,Automotive,378,90,48.14,0.49,L17,D,78,38.21,2024-01-17
ITM10599,Automotive,110,57,4.99,0.55,L25,D,159,150.82,2024-05-20
ITM10600,Groceries,365,14,22.36,0.99,L54,C,22,57.51,2024-04-25
ITM10601,Pharma,225,57,28.24,0.37,L86,B,125,63.76,2024-10-02
ITM10602,Automotive,36,12,20.85,0.65,L49,A,119,167.47,2024-05-27
ITM10603,Pharma,293,56,11.32,0.32,L87,D,166,181.22,2024-03-27
ITM10604,Groceries,192,71,30.06,0.52,L96,C,89,166.7,2024-08-22
ITM10605,Groceries,135,23,38.04,0.28,L23,C,109,38.07,2024-10-16
ITM10606,Pharma,368,72,32.6,0.6,L79,B,26,199.86,2024-09-10
ITM10607,Electronics,487,70,12.49,0.34,L73,B,157,137.71,2024-10-08
ITM10608,Apparel,200,40,36.85,0.13,L39,D,123,107.03,2024-09-18
ITM10609,Electronics,110,26,13.59,0.83,L52,B,15,191.42,2024-02-27
ITM10610,Electronics,101,33,9.58,0.22,L71,B,31,165.3,2024-10-20
ITM10611,Electronics,343,32,34.84,0.43,L1,A,146,141.43,2024-02-28
ITM10612,Automotive,468,91,42.3,0.53,L39,C,169,169.3,2024-05-17
ITM10613,Groceries,133,59,24.6,0.49,L37,C,97,83.24,2024-10-05
ITM10614,Electronics,276,87,27.04,0.75,L27,B,42,140.04,2024-07-06
ITM10615,Groceries,77,88,15.83,0.64,L56,C,79,46.21,2024-10-04
ITM10616,Pharma,173,88,25.24,0.37,L75,C,58,197.72,2024-01-22
ITM10617,Apparel,384,79,7.47,0.15,L78,D,113,121.91,2024-08-13
ITM10618,Pharma,423,36,47.84,0.79,L84,C,167,164.71,2024-10-06
ITM10619,Pharma,135,24,40.22,0.42,L42,B,111,87.39,2024-04-21
ITM10620,Automotive,362,59,33.73,0.9,L60,D,153,154.13,2024-08-05
ITM10621,Apparel,285,45,27.37,0.46,L57,C,115,83.6,2024-02-22
ITM10622,Pharma,334,17,39.82,0.75,L57,C,91,122.1,2024-11-30
ITM10623,Pharma,222,88,25.24,0.95,L87,D,95,157.85,2024-05-06
ITM10624,Apparel,60,12,15.7,0.69,L28,D,23,32.13,2024-06-01
ITM10625,Apparel,124,71,8.86,0.47,L66,C,174,77.79,2024-01-17
ITM10626,Pharma,408,56,32.73,0.61,L61,A,58,113.54,2024-08-18
ITM10627,Apparel,397,86,46.54,0.59,L95,A,59,73.46,2024-05-14
ITM10628,Pharma,212,97,8.53,0.63,L22,C,173,68.74,2024-06-27
ITM10629,Pharma,420,70,9.82,0.23,L85,C,32,63.52,2024-02-14
ITM10630,Automotive,297,41,22.25,0.73,L11,D,75,53.28,2024-08-12
ITM10631,Electronics,373,22,40.54,0.23,L37,D,124,171.29,2024-03-01
ITM10632,Pharma,256,10,15.4,0.11,L66,C,37,185.5,2024-05-01
ITM10633,Groceries,444,43,13.44,0.66,L85,C,29,143.03,2024-04-17
ITM10634,Electronics,240,71,31.38,0.21,L82,C,130,15.7,2024-10-28
ITM10635,Electronics,87,88,27.25,0.79,L80,C,106,159.38,2024-12-18
ITM10636,Electronics,216,87,3.95,0.88,L43,A,128,111.07,2024-06-28
ITM10637,Automotive,275,91,4.99,0.95,L12,D,118,154.04,2024-12-29
ITM10638,Pharma,158,80,32.51,0.7,L97,B,35,93.09,2024-11-08
ITM10639,Automotive,331,40,23.79,0.53,L31,C,156,17.84,2024-11-19
ITM10640,Pharma,454,73,48.58,0.42,L87,C,115,139.53,2024-08-07
ITM10641,Automotive,168,34,34.25,0.54,L40,C,150,94.38,2024-03-25
ITM10642,Automotive,118,47,1.49,0.27,L29,B,71,176.07,2024-11-11
ITM10643,Groceries,95,23,24.57,0.41,L26,D,135,150.25,2024-03-12
ITM10644,Automotive,301,17,21.31,0.75,L19,D,151,78.32,2024-04-15
ITM10645,Apparel,390,63,6.23,0.3,L4,C,148,147.58,2024-04-15
ITM10646,Groceries,422,11,46.24,0.34,L6,C,76,104.09,2024-01-31
ITM10647,Automotive,128,90,40.45,0.77,L32,D,21,47.89,2024-10-18
ITM10648,Electronics,207,87,12.27,0.26,L61,B,44,89.78,2024-06-28
ITM10649,Apparel,218,98,13.54,0.32,L79,C,119,52.29,2024-09-29
ITM10650,Apparel,322,65,2.57,0.12,L99,B,176,10.95,2024-05-23
ITM10651,Apparel,346,93,15.54,0.75,L10,B,169,56.89,2024-11-01
ITM10652,Groceries,173,94,29.65,0.66,L59,D,23,49.81,2024-10-02
ITM10653,Automotive,59,70,21.62,0.72,L54,C,164,10.82,2024-03-27
ITM10654,Automotive,152,31,48.49,0.29,L81,A,110,158.95,2024-06-14
ITM10655,Electronics,424,44,3.75,0.72,L74,D,69,24.63,2024-12-26
ITM10656,Electronics,481,25,29.98,0.64,L25,D,52,95.32,2024-05-29
ITM10657,Apparel,151,59,43.06,0.43,L92,A,64,89.4,2024-05-28
ITM10658,Electronics,298,52,24.56,0.49,L90,C,118,44.47,2024-10-20
ITM10659,Groceries,381,26,1.15,0.61,L50,B,102,193.71,2024-05-16
ITM10660,Automotive,103,89,12.9,0.54,L64,B,172,124.71,2024-09-20
ITM10661,Apparel,418,67,16.86,0.68,L52,B,104,164.57,2024-12-13
ITM10662,Electronics,261,11,48.33,0.26,L32,C,169,104.27,2024-02-18
ITM10663,Groceries,135,13,45.68,0.59,L19,D,156,147.33,2024-03-10
ITM10664,Groceries,128,94,47.51,0.51,L84,D,104,194.26,2024-07-29
ITM10665,Electronics,240,48,41.46,0.51,L89,D,176,76.2,2024-01-31
ITM10666,Automotive,411,15,18.23,0.52,L1,D,157,105.81,2024-05-21
ITM10667,Electronics,60,90,45.39,0.89,L97,D,37,107.76,2024-12-01
ITM10668,Apparel,387,98,49.1,0.84,L99,A,12,198.48,2024-03-05
ITM10669,Electronics,166,78,18.15,0.67,L14,B,169,54.29,2024-12-25
ITM10670,Groceries,131,78,13.77,0.74,L100,B,95,138.31,2024-03-08
ITM10671,Electronics,122,29,27.8,0.14,L55,C,117,36.26,2024-05-07
ITM10672,Automotive,65,73,10.17,0.77,L29,A,179,186.14,2024-03-15
ITM10673,Pharma,431,25,2.6,0.54,L23,D,126,122.17,2024-12-30
ITM10674,Electronics,494,60,47.35,0.39,L90,D,117,173.29,2024-06-13
ITM10675,Automotive,343,46,46.36,0.23,L67,D,24,180.1,2024-05-06
ITM10676,Automotive,397,82,8.97,0.17,L60,A,71,115.85,2024-12-12
ITM10677,Groceries,290,78,20.98,0.14,L7,C,40,139.58,2024-07-20
ITM10678,Automotive,440,51,41.72,0.25,L72,A,35,142.76,2024-09-07
ITM10679,Automotive,404,66,33.39,0.13,L32,C,157,97.49,2024-03-13
ITM10680,Automotive,214,75,20.34,0.76,L16,B,75,92.62,2024-10-22
ITM10681,Automotive,386,18,37.46,0.32,L59,C,158,45.38,2024-11-19
ITM10682,Apparel,299,95,44.96,0.43,L18,B,124,82.94,2024-05-17
ITM10683,Apparel,302,73,46.38,0.84,L60,C,69,198.24,2024-11-17
ITM10684,Groceries,59,95,19.56,0.2,L86,B,72,61.27,2024-07-31
ITM10685,Electronics,466,31,9.5,0.85,L68,B,110,154.86,2024-07-11
ITM10686,Automotive,208,43,45.73,0.68,L72,D,176,21.28,2024-08-19
ITM10687,Electronics,183,64,5.54,0.41,L77,C,109,98.82,2024-02-08
ITM10688,Electronics,496,38,36.36,0.21,L41,D,148,21.1,2024-11-20
ITM10689,Groceries,43,47,7.88,0.18,L97,B,128,100.4,2024-02-17
ITM10690,Automotive,43,27,20.08,0.4,L57,D,66,15.23,2024-07-25
ITM10691,Automotive,23,80,21.17,0.23,L79,A,140,126.53,2024-09-20
ITM10692,Pharma,342,74,8.78,0.34,L93,D,46,121.44,2024-05-22
ITM10693,Electronics,309,10,46.21,0.15,L65,C,120,161.59,2024-12-21
ITM10694,Electronics,460,97,1.13,0.64,L55,D,162,120.82,2024-07-07
ITM10695,Apparel,452,13,44.8,0.23,L71,A,158,185.94,2024-08-20
ITM10696,Pharma,490,13,44.31,0.78,L58,D,121,158.79,2024-09-06
ITM10697,Apparel,200,91,16.53,0.3,L21,B,179,35.2,2024-06-16
ITM10698,Apparel,267,36,35.51,0.82,L96,B,10,60.44,2024-10-24
ITM10699,Apparel,135,52,13.39,0.27,L61,B,32,14.98,2024-01-02
ITM10700,Groceries,298,68,38.18,0.75,L58,C,116,83.37,2024-02-17
ITM10701,Groceries,384,41,28.49,0.4,L34,D,122,106.81,2024-08-22
ITM10702,Apparel,88,42,15.71,0.62,L97,B,161,189.73,2024-11-21
ITM10703,Pharma,370,37,20.61,0.13,L32,D,98,109.23,2024-12-06
ITM10704,Electronics,273,64,34.8,0.55,L82,A,144,158.4,2024-12-23
ITM10705,Pharma,200,69,45.4,0.23,L36,A,47,60.92,2024-07-02
ITM10706,Automotive,337,79,7.41,0.54,L99,C,56,39.1,2024-02-02
ITM10707,Groceries,188,71,29.0,0.23,L100,D,112,164.06,2024-09-30
ITM10708,Electronics,332,89,13.43,0.49,L67,A,172,57.01,2024-07-22
ITM10709,Electronics,268,43,40.27,0.2,L63,C,71,175.55,2024-04-21
ITM10710,Automotive,207,96,4.44,0.3,L81,C,82,42.27,2024-08-07
ITM10711,Automotive,73,97,34.76,0.64,L31,B,12,171.8,2024-04-18
ITM10712,Apparel,345,65,9.57,0.98,L36,A,111,156.84,2024-09-10
ITM10713,Groceries,376,22,30.22,0.5,L57,D,157,126.13,2024-05-17
ITM10714,Groceries,332,65,41.95,0.72,L10,A,114,171.54,2024-06-14
ITM10715,Pharma,157,27,38.0,0.59,L92,A,53,72.83,2024-05-25
ITM10716,Apparel,187,63,37.89,0.55,L37,D,169,41.55,2024-06-21
ITM10717,Apparel,410,86,26.37,0.16,L31,D,109,39.84,2024-10-07
ITM10718,Apparel,122,52,44.65,0.23,L35,B,35,61.37,2024-10-22
ITM10719,Apparel,441,48,29.82,0.89,L43,C,57,94.78,2024-03-07
ITM10720,Groceries,104,70,45.96,0.47,L41,D,14,176.44,2024-10-16
ITM10721,Groceries,336,51,27.78,0.65,L70,D,68,27.01,2024-09-05
ITM10722,Apparel,231,90,25.79,0.58,L11,A,70,183.9,2024-06-24
ITM10723,Pharma,22,88,11.9,0.44,L18,D,58,185.84,2024-12-15
ITM10724,Electronics,403,27,27.69,0.45,L20,D,167,148.17,2024-01-25
ITM10725,Electronics,198,32,7.89,0.6,L30,A,154,181.05,2024-01-24
ITM10726,Pharma,361,63,43.61,0.23,L50,A,79,156.3,2024-02-20
ITM10727,Apparel,322,39,34.12,0.45,L89,A,24,110.38,2024-11-16
ITM10728,Groceries,471,67,49.69,0.5,L20,B,10,124.14,2024-08-23
ITM10729,Electronics,495,77,5.51,0.99,L91,C,150,129.36,2024-01-09
ITM10730,Automotive,351,76,12.79,0.42,L28,D,137,34.11,2024-03-04
ITM10731,Automotive,57,80,43.98,0.68,L9,A,171,46.68,2024-03-21
ITM10732,Pharma,439,27,20.37,0.22,L54,A,134,109.44,2024-08-13
ITM10733,Apparel,258,16,23.85,0.16,L53,C,167,31.89,2024-08-21
ITM10734,Electronics,188,49,43.17,0.88,L43,B,28,193.35,2024-01-01
ITM10735,Apparel,472,79,26.57,0.76,L70,D,128,106.35,2024-08-07
ITM10736,Electronics,416,95,10.48,0.39,L60,B,73,82.22,2024-04-13
ITM10737,Pharma,362,74,44.71,0.55,L54,B,75,39.93,2024-12-18
ITM10738,Pharma,333,77,2.52,0.22,L8,B,66,89.14,2024-03-08
ITM10739,Automotive,325,58,44.87,0.74,L27,A,53,67.46,2024-11-28
ITM10740,Apparel,49,61,3.48,0.16,L54,C,21,26.71,2024-06-03
ITM10741,Automotive,209,38,33.63,0.78,L50,C,131,193.73,2024-03-22
ITM10742,Apparel,376,30,4.51,0.59,L99,C,177,60.35,2024-05-20
ITM10743,Automotive,44,99,35.6,0.35,L75,B,33,141.19,2024-02-17
ITM10744,Groceries,131,87,2.66,0.88,L90,D,148,27.35,2024-12-01
ITM10745,Groceries,430,18,42.28,0.99,L3,B,10,183.5,2024-07-03
ITM10746,Groceries,454,56,23.83,0.33,L98,C,37,122.24,2024-05-08
ITM10747,Groceries,225,85,5.58,0.83,L74,A,77,134.81,2024-02-12
ITM10748,Electronics,204,51,35.63,0.78,L49,B,114,158.54,2024-07-09
ITM10749,Groceries,401,60,24.98,0.77,L62,A,103,125.12,2024-12-06
ITM10750,Pharma,398,65,10.36,0.96,L1,C,133,23.47,2024-11-28
ITM10751,Pharma,66,60,1.77,0.54,L46,B,133,91.62,2024-03-25
ITM10752,Electronics,393,79,21.48,0.71,L39,A,31,59.79,2024-01-27
ITM10753,Groceries,247,29,5.2,0.84,L97,B,166,102.48,2024-07-21
ITM10754,Groceries,58,97,5.61,0.53,L50,C,98,86.82,2024-11-16
ITM10755,Groceries,35,36,14.1,0.53,L54,D,54,167.04,2024-06-05
ITM10756,Automotive,41,47,31.89,0.39,L69,C,133,56.94,2024-12-24
ITM10757,Apparel,232,81,26.97,0.8,L96,D,154,48.25,2024-04-29
ITM10758,Automotive,329,74,4.38,0.72,L95,D,88,192.04,2024-08-07
ITM10759,Apparel,168,63,48.45,0.51,L70,C,48,190.41,2024-12-01
ITM10760,Groceries,475,33,44.47,0.48,L78,A,177,198.76,2024-02-16
ITM10761,Groceries,260,56,13.7,0.17,L29,B,37,117.99,2024-12-26
ITM10762,Automotive,291,80,6.99,0.11,L63,B,139,31.5,2024-02-18
ITM10763,Automotive,78,92,47.18,0.58,L29,B,164,177.23,2024-01-01
ITM10764,Apparel,306,95,23.6,0.48,L35,D,158,37.57,2024-04-19
ITM10765,Pharma,445,72,16.25,0.82,L56,D,96,39.56,2024-09-01
ITM10766,Apparel,221,66,25.03,0.59,L63,C,144,46.75,2024-02-09
ITM10767,Automotive,51,64,38.86,0.94,L4,A,61,134.15,2024-03-08
ITM10768,Automotive,462,69,9.25,0.28,L50,C,135,30.37,2024-10-30
ITM10769,Electronics,181,71,38.61,0.99,L44,C,156,157.87,2024-04-25
ITM10770,Automotive,274,39,37.72,0.37,L86,A,82,21.07,2024-09-22
ITM10771,Electronics,273,31,27.43,0.68,L87,D,149,30.98,2024-12-14
ITM10772,Pharma,28,84,43.43,0.55,L52,C,103,92.55,2024-08-15
ITM10773,Apparel,484,93,7.48,0.42,L93,C,11,82.04,2024-01-05
ITM10774,Apparel,158,38,30.18,0.23,L22,D,26,198.04,2024-01-05
ITM10775,Electronics,499,50,23.02,0.22,L60,B,134,193.7,2024-12-22
ITM10776,Apparel,29,51,21.69,0.74,L17,A,140,46.04,2024-06-24
ITM10777,Automotive,233,74,13.38,0.44,L80,A,30,189.87,2024-03-02
ITM10778,Groceries,292,40,19.24,0.97,L69,B,87,141.53,2024-08-04
ITM10779,Electronics,343,39,6.3,0.39,L4,A,88,87.68,2024-12-21
ITM10780,Apparel,67,27,13.33,0.99,L51,B,60,150.53,2024-03-08
ITM10781,Electronics,455,26,14.33,0.28,L76,C,115,181.03,2024-09-01
ITM10782,Electronics,130,47,36.31,0.19,L73,A,114,44.23,2024-02-06
ITM10783,Groceries,172,23,3.38,0.38,L85,A,19,47.24,2024-04-27
ITM10784,Automotive,142,96,32.91,0.9,L4,C,125,87.66,2024-07-15
ITM10785,Electronics,424,98,11.85,0.57,L11,D,64,42.15,2024-02-15
ITM10786,Apparel,376,88,5.01,0.22,L83,D,45,78.48,2024-02-22
ITM10787,Pharma,121,65,15.74,0.28,L55,C,60,132.68,2024-02-22
ITM10788,Electronics,260,31,12.0,0.38,L18,A,83,164.44,2024-06-09
ITM10789,Electronics,340,76,28.05,0.63,L60,A,26,67.37,2024-07-07
ITM10790,Groceries,210,65,18.51,0.4,L24,A,70,63.53,2024-06-02
ITM10791,Automotive,236,28,48.33,0.77,L7,B,100,158.15,2024-03-11
ITM10792,Pharma,70,66,48.21,0.65,L34,D,150,82.39,2024-07-14
ITM10793,Apparel,311,53,22.74,0.89,L49,A,104,165.51,2024-03-09
ITM10794,Pharma,100,44,39.96,0.55,L42,D,89,198.74,2024-11-24
ITM10795,Apparel,402,10,1.65,0.4,L28,D,112,196.14,2024-12-12
ITM10796,Automotive,107,61,27.84,1.0,L59,A,57,135.91,2024-03-14
ITM10797,Apparel,213,94,37.42,0.42,L42,C,95,81.29,2024-02-05
ITM10798,Groceries,123,79,11.63,0.49,L44,C,79,22.44,2024-09-28
ITM10799,Groceries,290,46,4.0,0.83,L98,D,56,150.23,2024-10-15
ITM10800,Groceries,115,74,8.64,0.18,L49,B,19,195.81,2024-01-05
ITM10801,Groceries,442,60,22.65,0.45,L36,D,89,22.92,2024-11-08
ITM10802,Pharma,398,10,25.81,0.18,L97,D,22,11.17,2024-11-28
ITM10803,Automotive,217,30,19.66,0.23,L54,C,67,168.04,2024-03-25
ITM10804,Apparel,20,62,22.56,0.1,L33,A,93,29.43,2024-08-13
ITM10805,Apparel,426,25,24.04,0.11,L11,A,77,25.51,2024-06-28
ITM10806,Groceries,397,70,38.7,0.44,L61,B,93,182.96,2024-04-19
ITM10807,Groceries,186,63,6.16,0.83,L3,C,95,25.12,2024-11-17
ITM10808,Electronics,145,49,38.68,0.63,L96,C,166,31.66,2024-03-18
ITM10809,Automotive,332,35,34.74,0.67,L70,D,153,118.22,2024-07-29
ITM10810,Pharma,100,89,37.34,0.57,L7,C,72,153.79,2024-11-11
ITM10811,Apparel,437,74,36.99,0.84,L45,D,52,85.92,2024-12-17
ITM10812,Electronics,270,83,24.06,0.89,L29,B,160,89.91,2024-08-14
ITM10813,Electronics,188,73,11.36,0.86,L84,C,167,130.2,2024-04-21
ITM10814,Apparel,496,52,27.29,0.83,L9,C,39,106.03,2024-02-14
ITM10815,Pharma,92,26,47.94,0.26,L100,D,76,13.54,2024-02-21
ITM10816,Electronics,160,68,29.84,0.63,L84,C,33,31.58,2024-03-12
ITM10817,Electronics,89,32,1.54,0.62,L6,A,110,120.5,2024-03-04
ITM10818,Automotive,281,16,3.93,0.58,L97,B,115,160.8,2024-10-28
ITM10819,Pharma,359,53,49.65,0.53,L4,A,110,154.99,2024-07-15
ITM10820,Electronics,327,62,4.53,0.18,L32,D,17,150.61,2024-06-28
ITM10821,Pharma,264,80,3.26,0.19,L26,D,105,156.54,2024-08-07
ITM10822,Apparel,22,88,18.3,0.91,L3,D,171,18.44,2024-06-10
ITM10823,Groceries,356,43,48.5,0.67,L80,B,44,180.07,2024-03-12
ITM10824,Electronics,82,55,16.62,0.34,L20,C,105,178.96,2024-05-06
ITM10825,Automotive,68,77,21.08,0.35,L31,A,59,111.07,2024-05-21
ITM10826,Apparel,95,87,32.07,0.65,L17,C,154,57.23,2024-11-26
ITM10827,Pharma,387,87,2.18,0.47,L61,D,11,122.51,2024-02-13
ITM10828,Apparel,194,25,44.99,0.5,L86,C,53,116.0,2024-05-07
ITM10829,Electronics,128,80,26.45,0.15,L15,B,111,52.36,2024-10-10
ITM10830,Pharma,202,28,23.87,0.22,L73,D,139,124.59,2024-11-03
ITM10831,Groceries,211,11,43.18,0.45,L28,C,81,161.49,2024-11-03
ITM10832,Apparel,84,19,47.7,0.73,L60,A,119,163.16,2024-11-07
ITM10833,Electronics,356,59,21.75,0.14,L90,D,146,21.34,2024-05-25
ITM10834,Automotive,470,90,9.45,0.4,L33,D,138,47.46,2024-12-19
ITM10835,Pharma,493,21,40.97,0.73,L99,B,112,136.96,2024-01-14
ITM10836,Apparel,290,79,20.76,0.81,L48,B,146,173.37,2024-12-03
ITM10837,Apparel,119,31,46.84,0.27,L22,A,151,109.03,2024-06-03
ITM10838,Groceries,51,41,47.55,0.76,L78,C,36,144.43,2024-04-15
ITM10839,Groceries,371,93,6.63,0.96,L78,C,146,14.0,2024-09-22
ITM10840,Automotive,147,10,47.87,0.92,L96,D,173,125.6,2024-11-06
ITM10841,Automotive,471,63,19.05,0.81,L92,D,102,192.76,2024-09-17
ITM10842,Electronics,421,67,32.67,0.74,L15,C,109,135.59,2024-04-06
ITM10843,Electronics,388,79,2.7,0.31,L100,C,140,185.23,2024-07-19
ITM10844,Automotive,358,92,44.56,0.67,L21,C,126,117.54,2024-05-31
ITM10845,Automotive,62,27,32.44,0.68,L40,D,160,170.24,2024-11-26
ITM10846,Pharma,391,15,32.53,0.47,L14,B,131,33.59,2024-01-28
ITM10847,Groceries,438,54,45.21,0.54,L75,B,119,33.47,2024-05-02
ITM10848,Electronics,97,32,25.91,0.72,L4,A,82,32.83,2024-09-10
ITM10849,Groceries,333,32,21.12,0.96,L40,C,39,102.88,2024-07-16
ITM10850,Groceries,308,35,43.44,0.37,L74,C,28,72.75,2024-02-27
ITM10851,Automotive,289,86,37.38,0.32,L87,C,111,146.65,2024-05-03
ITM10852,Pharma,181,16,47.5,0.64,L49,A,76,181.5,2024-09-12
ITM10853,Apparel,208,88,47.07,0.22,L51,C,59,127.68,2024-11-22
ITM10854,Pharma,266,53,19.73,0.62,L92,B,57,50.51,2024-10-31
ITM10855,Pharma,407,36,22.9,0.18,L26,C,12,186.87,2024-02-06
ITM10856,Groceries,235,35,13.54,0.54,L10,A,75,110.29,2024-09-27
ITM10857,Pharma,334,88,33.37,0.66,L76,D,164,146.79,2024-01-07
ITM10858,Electronics,432,45,18.86,0.16,L89,D,115,179.2,2024-07-03
ITM10859,Groceries,358,64,39.52,0.29,L81,B,120,198.07,2024-06-11
ITM10860,Electronics,409,73,6.96,0.4,L32,B,49,106.15,2024-03-08
ITM10861,Apparel,396,66,6.7,0.43,L14,B,134,163.53,2024-07-17
ITM10862,Groceries,452,78,11.02,0.71,L90,D,27,117.7,2024-10-18
ITM10863,Apparel,187,70,5.13,0.58,L99,C,164,102.43,2024-08-03
ITM10864,Groceries,358,11,31.38,0.44,L39,A,148,112.17,2024-07-06
ITM10865,Automotive,212,64,8.22,0.51,L88,A,176,102.01,2024-10-06
ITM10866,Pharma,472,89,8.84,0.11,L77,C,28,90.0,2024-12-15
ITM10867,Automotive,302,96,1.7,0.79,L16,D,98,147.51,2024-03-29
ITM10868,Apparel,355,47,39.32,0.14,L73,D,144,57.44,2024-08-29
ITM10869,Pharma,409,89,40.8,0.85,L6,A,66,127.11,2024-02-07
ITM10870,Groceries,32,87,8.94,0.59,L45,B,139,145.46,2024-01-09
ITM10871,Pharma,259,38,37.24,0.58,L69,B,47,179.5,2024-10-27
ITM10872,Electronics,339,35,22.24,0.73,L55,A,142,73.06,2024-02-04
ITM10873,Pharma,465,44,12.74,0.87,L85,A,91,173.51,2024-01-08
ITM10874,Electronics,166,88,31.45,0.95,L48,C,45,189.61,2024-05-14
ITM10875,Pharma,223,76,9.75,0.59,L9,C,97,133.25,2024-04-20
ITM10876,Electronics,99,96,38.09,0.24,L65,C,128,156.57,2024-01-21
ITM10877,Apparel,398,38,3.33,0.89,L83,C,94,87.08,2024-01-31
ITM10878,Automotive,62,43,48.0,0.14,L44,C,157,190.91,2024-07-22
ITM10879,Groceries,477,50,4.52,0.83,L2,C,142,137.46,2024-09-16
ITM10880,Pharma,108,50,29.39,0.71,L54,B,33,68.93,2024-05-26
ITM10881,Automotive,167,32,45.21,0.91,L63,A,39,86.81,2024-11-17
ITM10882,Groceries,114,80,1.58,0.91,L14,D,37,127.37,2024-12-30
ITM10883,Groceries,471,12,25.43,0.15,L56,C,118,54.49,2024-09-13
ITM10884,Electronics,447,67,18.15,0.65,L47,B,144,153.24,2024-07-31
ITM10885,Apparel,170,41,29.44,0.21,L82,A,179,52.69,2024-08-04
ITM10886,Apparel,21,40,12.05,0.17,L59,A,44,122.44,2024-12-25
ITM10887,Automotive,395,91,4.18,0.5,L91,A,128,142.43,2024-07-24
ITM10888,Apparel,41,52,31.67,0.19,L20,C,43,173.35,2024-02-12
ITM10889,Pharma,390,16,21.43,0.76,L56,C,112,149.44,2024-11-23
ITM10890,Apparel,332,10,31.5,0.97,L23,D,126,161.78,2024-10-01
ITM10891,Automotive,347,70,11.32,0.61,L94,C,85,183.46,2024-10-02
ITM10892,Apparel,26,23,17.6,0.31,L67,A,63,123.58,2024-11-11
ITM10893,Pharma,225,61,28.52,0.86,L84,A,38,170.79,2024-03-19
ITM10894,Electronics,459,15,30.06,0.87,L35,B,147,54.06,2024-05-22
ITM10895,Automotive,394,19,19.24,0.76,L79,B,36,164.8,2024-02-12
ITM10896,Electronics,470,80,14.72,0.65,L69,D,22,52.12,2024-06-07
ITM10897,Electronics,133,99,14.41,0.88,L100,B,51,187.58,2024-02-10
ITM10898,Electronics,291,39,9.56,0.25,L62,D,174,72.69,2024-09-18
ITM10899,Groceries,102,30,16.94,0.94,L60,B,30,42.65,2024-04-14
ITM10900,Groceries,198,69,10.77,0.95,L56,A,140,38.15,2024-03-20
ITM10901,Electronics,229,90,32.06,0.88,L94,C,145,45.58,2024-10-01
ITM10902,Automotive,483,83,28.88,0.33,L76,C,79,95.03,2024-06-16
ITM10903,Pharma,347,72,19.75,0.87,L35,D,154,109.21,2024-07-19
ITM10904,Pharma,143,51,16.97,0.55,L42,C,19,183.62,2024-10-27
ITM10905,Apparel,132,60,12.64,0.64,L32,C,150,82.39,2024-11-20
ITM10906,Automotive,31,73,27.24,0.86,L12,B,115,51.32,2024-11-28
ITM10907,Groceries,145,85,46.03,0.13,L36,A,21,151.33,2024-12-14
ITM10908,Electronics,72,65,34.6,0.43,L58,C,137,35.58,2024-11-25
ITM10909,Apparel,350,89,37.48,0.83,L32,A,160,179.53,2024-02-03
ITM10910,Pharma,408,50,41.88,0.83,L97,B,137,87.79,2024-06-07
ITM10911,Groceries,302,41,18.23,0.86,L60,B,70,126.63,2024-12-23
ITM10912,Groceries,159,24,4.08,0.25,L73,C,35,45.38,2024-08-11
ITM10913,Electronics,420,71,31.51,0.74,L79,C,24,37.65,2024-05-02
ITM10914,Pharma,409,36,10.24,0.23,L86,B,31,161.78,2024-01-30
ITM10915,Automotive,116,37,28.88,0.81,L49,B,98,91.64,2024-05-05
ITM10916,Groceries,24,90,37.24,0.32,L44,D,74,197.48,2024-02-14
ITM10917,Electronics,76,73,39.4,0.76,L4,D,163,109.62,2024-08-10
ITM10918,Automotive,431,68,15.79,0.51,L64,A,30,170.67,2024-02-29
ITM10919,Pharma,353,67,26.11,0.99,L42,B,161,196.19,2024-08-20
ITM10920,Groceries,88,11,31.43,0.62,L24,A,25,63.42,2024-11-09
ITM10921,Automotive,137,45,41.15,0.67,L63,B,169,162.17,2024-11-07
ITM10922,Automotive,395,80,38.31,0.43,L28,A,25,14.18,2024-01-29
ITM10923,Automotive,78,22,49.41,0.76,L46,D,51,139.15,2024-06-07
ITM10924,Groceries,52,24,1.4,0.55,L34,B,169,151.59,2024-12-07
ITM10925,Groceries,337,98,22.44,0.12,L44,B,50,100.7,2024-12-02
ITM10926,Apparel,69,96,13.55,0.65,L36,A,117,40.8,2024-03-30
ITM10927,Pharma,387,69,6.87,0.85,L77,A,134,127.18,2024-03-02
ITM10928,Electronics,38,31,45.66,0.31,L90,C,161,180.53,2024-01-07
ITM10929,Automotive,233,72,49.9,0.3,L36,C,22,186.95,2024-12-28
ITM10930,Apparel,216,99,9.85,0.65,L72,D,88,151.76,2024-03-11
ITM10931,Electronics,398,84,2.88,0.84,L2,B,147,60.11,2024-12-25
ITM10932,Apparel,469,83,14.48,0.32,L67,B,51,175.36,2024-01-06
ITM10933,Groceries,497,34,41.91,0.94,L25,A,178,178.88,2024-03-24
ITM10934,Automotive,66,57,15.4,0.93,L11,D,130,79.78,2024-09-11
ITM10935,Electronics,186,52,3.79,0.28,L31,B,140,44.77,2024-06-26
ITM10936,Electronics,471,47,3.57,0.34,L93,D,25,176.19,2024-09-24
ITM10937,Electronics,308,50,21.94,0.73,L53,C,53,178.17,2024-09-21
ITM10938,Electronics,160,54,46.66,0.96,L63,A,167,29.17,2024-05-12
ITM10939,Electronics,103,97,15.01,0.74,L72,B,130,193.73,2024-03-26
ITM10940,Apparel,201,49,21.93,0.5,L98,A,174,111.29,2024-07-09
ITM10941,Automotive,410,26,5.99,0.25,L31,C,33,198.81,2024-03-05
ITM10942,Groceries,98,97,25.19,0.51,L89,D,35,94.55,2024-05-17
ITM10943,Groceries,234,66,35.13,0.65,L61,D,67,111.32,2024-03-01
ITM10944,Groceries,33,11,14.29,0.4,L83,C,18,60.56,2024-01-16
ITM10945,Groceries,234,71,15.54,0.56,L92,C,135,180.8,2024-06-20
ITM10946,Apparel,422,97,42.26,0.22,L63,B,28,94.31,2024-08-07
ITM10947,Pharma,147,18,1.51,0.51,L58,B,37,164.78,2024-05-19
ITM10948,Automotive,329,77,32.19,0.18,L3,B,144,25.15,2024-09-25
ITM10949,Electronics,496,90,20.3,0.14,L12,B,54,159.77,2024-02-02
ITM10950,Pharma,267,26,15.62,0.87,L38,B,137,103.15,2024-05-14
ITM10951,Groceries,423,59,33.22,0.28,L29,D,103,11.03,2024-12-30
ITM10952,Pharma,48,49,41.9,0.62,L52,B,174,52.99,2024-10-22
ITM10953,Automotive,299,67,28.36,0.23,L89,C,25,46.81,2024-11-17
ITM10954,Electronics,357,84,2.52,0.34,L32,C,14,152.84,2024-02-09
ITM10955,Electronics,338,94,23.61,0.43,L40,B,166,100.67,2024-09-11
ITM10956,Automotive,221,30,23.68,0.23,L85,C,61,40.35,2024-08-21
ITM10957,Automotive,380,27,27.65,0.14,L75,A,160,58.79,2024-09-18
ITM10958,Groceries,76,64,33.88,0.89,L48,D,15,105.77,2024-07-03
ITM10959,Electronics,411,38,1.95,0.11,L61,D,173,13.73,2024-01-29
ITM10960,Pharma,237,33,25.6,0.16,L71,B,170,90.58,2024-09-12
ITM10961,Apparel,81,83,29.83,0.82,L68,A,58,138.83,2024-10-17
ITM10962,Apparel,176,26,17.82,0.35,L45,B,178,108.37,2024-03-26
ITM10963,Automotive,221,27,33.75,0.75,L55,B,89,123.64,2024-07-07
ITM10964,Groceries,36,51,12.18,0.23,L96,C,107,72.06,2024-03-21
ITM10965,Apparel,341,93,16.55,0.31,L71,D,116,44.78,2024-05-10
ITM10966,Electronics,25,54,48.18,0.62,L43,A,163,163.85,2024-02-22
ITM10967,Automotive,77,91,18.06,0.99,L46,C,46,182.07,2024-10-20
ITM10968,Pharma,344,26,17.98,0.17,L90,D,125,107.04,2024-12-11
ITM10969,Automotive,431,82,30.19,0.46,L59,D,26,67.96,2024-02-29
ITM10970,Pharma,337,23,48.58,0.14,L35,B,41,107.13,2024-04-26
ITM10971,Automotive,188,58,49.17,0.28,L40,A,165,177.01,2024-09-17
ITM10972,Automotive,472,38,29.4,0.92,L33,B,34,141.37,2024-01-02
ITM10973,Automotive,101,13,1.05,0.19,L30,C,31,173.14,2024-01-23
ITM10974,Pharma,493,91,45.13,0.87,L16,B,70,72.39,2024-01-07
ITM10975,Pharma,487,29,28.94,0.26,L93,B,135,145.28,2024-05-05
ITM10976,Automotive,444,56,18.93,0.88,L25,D,53,134.08,2024-01-24
ITM10977,Apparel,452,18,41.63,0.58,L41,D,111,118.61,2024-08-29
ITM10978,Groceries,238,86,20.59,0.89,L16,C,29,110.36,2024-07-05
ITM10979,Groceries,196,88,2.67,0.24,L96,D,118,114.69,2024-07-15
ITM10980,Groceries,223,36,41.23,0.79,L69,D,97,171.44,2024-03-17
ITM10981,Pharma,90,24,27.75,0.71,L98,D,56,184.04,2024-04-01
ITM10982,Pharma,406,28,17.57,0.59,L89,B,60,31.44,2024-01-19
ITM10983,Apparel,285,99,13.29,0.83,L24,A,48,118.07,2024-10-10
ITM10984,Groceries,117,61,30.1,0.68,L25,C,23,184.5,2024-12-01
ITM10985,Groceries,364,35,11.19,0.89,L28,B,30,35.6,2024-08-02
ITM10986,Automotive,310,98,16.87,0.44,L95,C,152,88.44,2024-04-24
ITM10987,Pharma,227,35,32.19,0.63,L62,B,109,26.93,2024-06-13
ITM10988,Groceries,21,35,44.2,0.88,L36,C,106,31.56,2024-05-07
ITM10989,Apparel,143,55,27.11,0.29,L93,D,10,181.78,2024-08-01
ITM10990,Apparel,299,58,38.2,0.54,L76,C,118,94.77,2024-06-12
ITM10991,Groceries,93,91,38.39,0.96,L98,A,91,140.86,2024-05-18
ITM10992,Pharma,185,62,33.55,0.53,L68,C,147,36.39,2024-02-09
ITM10993,Apparel,41,12,13.05,0.33,L77,A,160,14.17,2024-10-19
ITM10994,Automotive,173,75,43.47,0.42,L37,C,27,179.19,2024-07-09
ITM10995,Apparel,446,51,22.38,0.9,L13,D,67,119.16,2024-03-02
ITM10996,Electronics,458,28,3.17,0.96,L25,C,135,13.8,2024-09-14
ITM10997,Electronics,314,26,12.99,0.96,L38,B,82,198.54,2024-12-10
ITM10998,Pharma,238,42,38.51,0.73,L30,D,119,103.52,2024-01-27
ITM10999,Groceries,176,85,4.39,0.56,L47,D,61,100.42,2024-04-01
ITM11000,Pharma,249,58,8.22,0.26,L23,B,55,127.97,2024-04-24
ITM11001,Pharma,39,65,35.02,0.21,L39,D,116,11.5,2024-09-21
ITM11002,Pharma,494,72,44.74,0.15,L2,D,22,118.14,2024-01-24
ITM11003,Pharma,60,12,32.05,0.12,L91,B,105,129.6,2024-07-24
ITM11004,Automotive,457,58,11.89,0.89,L69,D,26,66.42,2024-02-05
ITM11005,Automotive,167,64,3.62,0.83,L17,D,76,148.1,2024-08-26
ITM11006,Apparel,127,35,31.14,0.61,L36,D,70,81.71,2024-05-24
ITM11007,Electronics,422,81,3.32,1.0,L6,D,74,146.38,2024-06-08
ITM11008,Pharma,103,61,31.02,0.96,L7,C,142,37.33,2024-06-16
ITM11009,Apparel,386,16,12.05,0.69,L71,D,169,183.6,2024-02-14
ITM11010,Electronics,341,55,45.33,0.52,L38,D,98,177.1,2024-10-10
ITM11011,Groceries,433,55,24.28,0.24,L90,D,65,38.62,2024-08-21
ITM11012,Automotive,328,25,11.97,0.56,L17,C,14,188.31,2024-01-05
ITM11013,Electronics,309,33,42.8,0.24,L82,A,110,115.98,2024-07-07
ITM11014,Groceries,425,70,13.45,0.46,L97,D,96,143.31,2024-04-12
ITM11015,Electronics,342,63,16.02,0.95,L63,A,171,169.66,2024-05-29
ITM11016,Automotive,153,71,41.88,0.41,L14,A,70,25.88,2024-10-15
ITM11017,Automotive,226,10,16.13,0.24,L2,B,78,42.16,2024-06-04
ITM11018,Apparel,302,58,21.1,0.62,L74,B,72,65.17,2024-11-14
ITM11019,Pharma,285,34,18.04,0.64,L37,A,53,100.67,2024-05-04
ITM11020,Electronics,92,19,6.7,0.27,L61,C,37,75.75,2024-08-25
ITM11021,Electronics,371,89,2.91,0.28,L62,D,22,106.11,2024-07-07
ITM11022,Groceries,67,25,36.5,0.99,L57,D,39,45.32,2024-10-29
ITM11023,Automotive,345,67,32.61,0.32,L44,D,163,139.61,2024-09-09
ITM11024,Electronics,252,81,14.84,0.85,L24,B,72,20.59,2024-04-10
ITM11025,Automotive,462,38,15.48,0.52,L7,B,82,78.68,2024-10-06
ITM11026,Electronics,119,15,47.31,0.49,L33,D,66,44.02,2024-05-05
ITM11027,Apparel,78,25,49.4,0.37,L62,A,73,148.69,2024-03-18
ITM11028,Pharma,277,29,24.2,0.8,L15,B,61,177.89,2024-01-04
ITM11029,Electronics,432,89,40.32,0.89,L9,D,72,24.97,2024-07-28
ITM11030,Automotive,471,80,37.1,0.34,L52,A,150,159.16,2024-01-13
ITM11031,Apparel,84,87,15.57,0.19,L63,D,102,180.19,2024-04-29
ITM11032,Electronics,102,52,3.87,0.22,L10,B,116,195.05,2024-10-04
ITM11033,Groceries,173,35,7.99,0.81,L74,C,118,120.08,2024-06-26
ITM11034,Pharma,492,99,42.08,0.49,L81,C,97,72.2,2024-11-21
ITM11035,Electronics,285,87,36.83,0.22,L88,B,54,71.17,2024-12-21
ITM11036,Apparel,328,80,33.55,0.41,L7,A,117,82.0,2024-01-05
ITM11037,Groceries,98,42,7.4,0.56,L20,D,55,126.41,2024-06-20
ITM11038,Apparel,334,35,32.36,0.87,L20,B,86,103.14,2024-01-01
ITM11039,Apparel,169,54,38.84,0.68,L73,A,178,134.19,2024-12-02
ITM11040,Groceries,454,93,43.17,0.26,L39,D,55,17.47,2024-07-11
ITM11041,Apparel,67,72,1.65,0.24,L11,D,138,30.12,2024-06-06
ITM11042,Groceries,424,76,34.54,0.47,L32,B,101,195.54,2024-02-23
ITM11043,Electronics,398,61,1.94,0.17,L16,D,21,199.12,2024-04-15
ITM11044,Groceries,267,77,35.64,0.78,L72,C,97,151.87,2024-09-28
ITM11045,Groceries,297,35,32.15,0.46,L98,C,82,58.72,2024-05-01
ITM11046,Pharma,375,84,8.27,0.41,L54,D,172,191.14,2024-08-02
ITM11047,Groceries,117,11,38.54,0.56,L78,B,111,50.6,2024-09-08
ITM11048,Groceries,433,23,4.35,0.74,L77,D,108,148.97,2024-01-31
ITM11049,Electronics,44,39,41.49,0.61,L80,B,170,31.9,2024-03-13
ITM11050,Pharma,303,58,13.83,0.82,L29,B,67,133.29,2024-12-30
ITM11051,Automotive,468,21,34.75,0.67,L100,C,137,154.31,2024-05-23
ITM11052,Electronics,388,99,46.26,0.81,L67,C,126,173.33,2024-02-17
ITM11053,Electronics,320,53,17.65,0.73,L49,A,44,149.52,2024-01-23
ITM11054,Automotive,87,42,25.64,0.27,L58,B,93,185.46,2024-04-28
ITM11055,Groceries,26,22,23.69,0.15,L57,D,75,108.98,2024-09-23
ITM11056,Apparel,324,87,8.72,0.91,L39,B,35,138.71,2024-07-30
ITM11057,Pharma,156,97,29.93,0.95,L76,C,51,80.21,2024-12-24
ITM11058,Apparel,183,35,37.41,0.75,L55,B,86,11.97,2024-07-09
ITM11059,Automotive,102,30,45.93,0.75,L40,A,39,153.77,2024-08-22
ITM11060,Electronics,404,37,42.69,0.34,L73,D,125,175.27,2024-02-13
ITM11061,Electronics,157,57,25.99,0.59,L80,B,169,43.05,2024-10-24
ITM11062,Pharma,439,49,36.23,0.99,L8,D,45,15.44,2024-02-18
ITM11063,Electronics,92,75,40.24,0.87,L79,D,28,41.26,2024-09-15
ITM11064,Electronics,256,82,25.18,0.37,L95,C,31,180.1,2024-03-09
ITM11065,Pharma,65,96,6.66,0.37,L13,B,74,66.15,2024-11-22
ITM11066,Pharma,125,88,22.46,0.54,L98,D,66,54.4,2024-07-20
ITM11067,Automotive,435,86,42.28,0.46,L27,C,20,12.77,2024-02-08
ITM11068,Electronics,307,32,30.24,0.43,L81,A,35,66.44,2024-10-30
ITM11069,Electronics,281,90,36.5,0.66,L28,A,28,145.97,2024-10-17
ITM11070,Automotive,195,57,10.08,0.11,L34,B,92,192.23,2024-02-01
ITM11071,Groceries,185,11,48.25,0.79,L85,D,149,69.42,2024-08-10
ITM11072,Groceries,164,93,20.8,0.77,L11,B,76,55.73,2024-12-05
ITM11073,Groceries,349,29,33.03,0.85,L21,D,65,178.73,2024-03-07
ITM11074,Automotive,389,68,1.92,0.86,L31,C,27,171.98,2024-05-01
ITM11075,Electronics,302,55,7.24,0.61,L23,A,122,72.35,2024-05-29
ITM11076,Automotive,73,12,39.32,0.8,L71,A,14,23.07,2024-05-13
ITM11077,Automotive,197,64,48.43,0.54,L10,A,121,198.48,2024-06-10
ITM11078,Groceries,438,21,16.68,0.96,L21,A,161,139.33,2024-07-20
ITM11079,Apparel,263,49,2.82,0.27,L1,B,124,186.05,2024-12-24
ITM11080,Electronics,360,75,18.68,0.92,L53,D,175,74.96,2024-06-16
ITM11081,Groceries,146,87,1.86,0.33,L58,B,76,133.06,2024-06-11
ITM11082,Apparel,428,25,10.43,0.19,L89,C,79,138.15,2024-08-19
ITM11083,Apparel,431,92,37.87,0.5,L77,A,61,175.85,2024-05-19
ITM11084,Pharma,386,43,46.92,0.65,L61,D,136,198.68,2024-04-29
ITM11085,Electronics,290,53,5.29,0.31,L38,B,176,30.65,2024-02-08
ITM11086,Apparel,151,15,28.34,0.6,L5,D,163,129.91,2024-04-13
ITM11087,Groceries,112,86,13.44,0.83,L30,B,74,73.92,2024-03-10
ITM11088,Pharma,398,73,7.81,0.33,L37,D,89,164.22,2024-10-26
ITM11089,Electronics,92,31,11.73,0.62,L91,D,122,153.29,2024-02-25
ITM11090,Automotive,430,27,29.31,0.41,L37,A,120,179.58,2024-03-20
ITM11091,Groceries,429,21,4.19,0.58,L90,B,62,75.3,2024-02-24
ITM11092,Apparel,422,61,22.28,0.7,L59,C,146,45.06,2024-03-25
ITM11093,Apparel,267,60,7.63,0.42,L10,D,142,14.14,2024-08-18
ITM11094,Groceries,367,80,14.36,1.0,L88,C,125,58.55,2024-08-26
ITM11095,Apparel,292,57,10.35,0.61,L30,A,81,79.76,2024-06-09
ITM11096,Pharma,62,28,44.27,0.84,L34,C,30,189.75,2024-07-27
ITM11097,Electronics,396,15,35.69,0.75,L81,D,112,103.36,2024-03-02
ITM11098,Pharma,60,93,43.55,0.87,L76,D,116,115.72,2024-10-01
ITM11099,Apparel,189,36,19.79,0.26,L85,D,72,177.22,2024-07-02
ITM11100,Automotive,453,62,16.36,0.3,L26,B,157,178.16,2024-04-16
ITM11101,Electronics,231,57,19.65,0.54,L55,C,159,110.3,2024-08-19
ITM11102,Electronics,187,16,1.91,0.87,L15,B,86,31.6,2024-06-06
ITM11103,Groceries,58,68,36.51,0.28,L70,D,84,61.4,2024-08-25
ITM11104,Groceries,388,78,18.14,0.97,L29,D,167,96.81,2024-05-15
ITM11105,Automotive,264,20,16.35,0.21,L83,A,72,152.72,2024-03-02
ITM11106,Electronics,170,24,30.31,0.26,L20,A,76,145.22,2024-02-16
ITM11107,Automotive,130,73,22.38,0.25,L35,D,45,132.11,2024-03-21
ITM11108,Groceries,499,12,49.06,0.63,L19,B,143,177.25,2024-12-17
ITM11109,Groceries,455,78,18.46,0.93,L10,B,46,162.5,2024-06-04
ITM11110,Electronics,66,32,31.08,0.33,L8,D,102,196.6,2024-12-26
ITM11111,Pharma,82,62,16.27,0.6,L22,C,84,178.94,2024-12-22
ITM11112,Apparel,244,46,49.54,0.26,L40,B,175,47.17,2024-11-04
ITM11113,Groceries,385,18,22.81,0.67,L77,D,124,20.95,2024-01-21
ITM11114,Groceries,88,24,32.07,0.21,L96,A,162,88.76,2024-04-20
ITM11115,Pharma,318,12,7.21,0.54,L73,D,86,127.33,2024-06-16
ITM11116,Pharma,451,79,36.92,0.69,L37,B,170,132.19,2024-03-16
ITM11117,Automotive,309,26,14.19,0.62,L57,D,22,60.83,2024-02-16
ITM11118,Automotive,315,35,22.98,0.23,L16,C,47,173.38,2024-12-30
ITM11119,Apparel,222,30,44.27,0.25,L60,C,157,72.56,2024-05-07
ITM11120,Apparel,80,81,48.56,0.7,L89,B,26,184.63,2024-07-01
ITM11121,Electronics,453,30,21.8,0.83,L39,D,132,99.6,2024-07-21
ITM11122,Automotive,470,20,41.91,0.92,L90,C,123,11.97,2024-09-19
ITM11123,Groceries,337,47,3.61,0.83,L52,C,161,40.79,2024-01-26
ITM11124,Automotive,333,81,42.53,0.98,L35,A,35,29.44,2024-12-12
ITM11125,Groceries,180,97,31.85,0.47,L65,B,177,18.36,2024-06-02
ITM11126,Pharma,350,44,24.95,0.4,L70,A,41,145.66,2024-05-13
ITM11127,Automotive,35,23,44.61,0.13,L64,A,174,46.54,2024-03-30
ITM11128,Pharma,357,23,42.42,0.5,L57,C,95,169.34,2024-01-16
ITM11129,Apparel,113,19,15.55,0.69,L11,D,107,60.25,2024-07-26
ITM11130,Apparel,323,21,39.78,0.83,L77,A,100,16.14,2024-08-19
ITM11131,Electronics,157,47,5.88,0.34,L6,B,130,165.93,2024-10-11
ITM11132,Automotive,357,43,41.32,0.56,L56,B,66,98.57,2024-10-08
ITM11133,Pharma,57,50,34.1,0.7,L95,D,116,123.91,2024-05-07
ITM11134,Groceries,146,19,5.31,0.6,L42,B,31,73.88,2024-02-18
ITM11135,Apparel,294,26,34.47,0.35,L78,A,121,18.75,2024-08-24
ITM11136,Apparel,183,26,29.45,0.82,L33,D,94,80.33,2024-02-22
ITM11137,Groceries,462,76,30.13,0.26,L4,B,89,108.47,2024-03-12
ITM11138,Pharma,338,71,15.25,0.91,L12,B,82,12.22,2024-03-03
ITM11139,Pharma,96,10,14.06,0.96,L30,A,86,119.12,2024-01-07
ITM11140,Automotive,193,21,38.36,0.43,L87,A,83,179.68,2024-02-01
ITM11141,Automotive,406,13,13.58,0.44,L74,A,136,51.39,2024-04-23
ITM11142,Electronics,477,51,22.87,0.77,L76,A,130,186.09,2024-03-07
ITM11143,Apparel,377,22,35.04,0.51,L3,D,94,28.55,2024-04-11
ITM11144,Automotive,340,94,4.9,0.13,L98,D,179,166.83,2024-07-24
ITM11145,Pharma,395,95,30.13,0.93,L87,D,177,169.66,2024-07-09
ITM11146,Groceries,110,13,29.88,0.49,L35,C,159,58.97,2024-12-17
ITM11147,Pharma,257,91,34.53,0.28,L74,A,91,191.99,2024-11-18
ITM11148,Apparel,283,78,19.13,0.6,L6,A,30,89.15,2024-11-26
ITM11149,Pharma,198,28,23.0,0.3,L98,D,151,36.84,2024-02-13
ITM11150,Electronics,228,11,17.17,0.29,L97,B,83,122.43,2024-10-25
ITM11151,Apparel,92,21,40.6,0.59,L23,B,18,199.36,2024-10-27
ITM11152,Groceries,409,90,7.4,0.45,L61,A,155,180.87,2024-05-12
ITM11153,Electronics,126,83,48.18,0.62,L67,A,22,62.93,2024-02-08
ITM11154,Apparel,364,15,32.11,1.0,L84,D,26,119.63,2024-01-12
ITM11155,Groceries,314,17,44.46,0.87,L57,A,135,31.92,2024-02-03
ITM11156,Electronics,388,60,21.89,0.11,L36,B,96,97.75,2024-04-11
ITM11157,Electronics,463,20,17.28,0.15,L24,B,162,109.38,2024-11-26
ITM11158,Apparel,303,72,45.14,0.65,L75,A,25,69.9,2024-08-15
ITM11159,Automotive,372,66,5.84,0.66,L56,D,33,102.0,2024-03-06
ITM11160,Electronics,201,21,6.74,0.89,L82,D,84,184.79,2024-02-17
ITM11161,Electronics,56,82,15.67,0.67,L63,B,160,105.03,2024-06-18
ITM11162,Groceries,156,11,48.03,0.3,L12,D,178,167.89,2024-03-03
ITM11163,Pharma,357,17,32.02,0.52,L61,B,112,70.3,2024-01-22
ITM11164,Apparel,75,20,28.16,0.83,L45,A,95,194.57,2024-08-24
ITM11165,Apparel,206,62,35.56,0.93,L53,B,170,27.76,2024-01-26
ITM11166,Automotive,360,19,21.46,0.31,L43,A,114,121.26,2024-03-27
ITM11167,Automotive,277,94,38.15,0.59,L42,D,51,160.08,2024-10-20
ITM11168,Apparel,464,93,20.27,0.24,L86,C,27,164.67,2024-08-09
ITM11169,Automotive,77,17,41.49,0.55,L14,C,87,47.67,2024-07-21
ITM11170,Groceries,382,45,14.1,0.18,L21,C,101,86.31,2024-09-11
ITM11171,Apparel,142,85,14.6,0.95,L43,B,20,128.6,2024-01-16
ITM11172,Automotive,207,23,26.6,0.67,L53,C,161,70.02,2024-07-14
ITM11173,Apparel,249,63,22.11,0.87,L89,B,173,135.08,2024-12-15
ITM11174,Pharma,187,94,32.76,1.0,L64,D,135,81.97,2024-08-06
ITM11175,Electronics,439,95,18.85,0.26,L37,A,106,76.66,2024-03-29
ITM11176,Apparel,133,30,12.3,0.72,L85,C,62,30.53,2024-06-30
ITM11177,Electronics,271,59,24.02,0.9,L52,B,92,17.46,2024-04-19
ITM11178,Automotive,126,48,28.49,0.62,L98,D,56,168.7,2024-04-05
ITM11179,Electronics,56,29,7.99,0.68,L71,D,61,103.01,2024-05-20
ITM11180,Apparel,354,97,28.28,0.47,L5,C,66,116.95,2024-05-23
ITM11181,Pharma,111,96,16.64,0.71,L59,D,84,80.72,2024-08-16
ITM11182,Automotive,37,16,20.23,0.46,L12,D,160,35.98,2024-03-17
ITM11183,Apparel,373,18,14.69,0.53,L41,D,68,95.42,2024-01-18
ITM11184,Automotive,82,10,46.64,0.19,L33,B,78,53.5,2024-11-10
ITM11185,Groceries,169,35,34.48,0.11,L42,D,95,169.16,2024-11-13
ITM11186,Electronics,158,47,13.86,0.15,L15,D,179,197.49,2024-11-11
ITM11187,Groceries,205,47,32.61,0.27,L99,D,155,178.93,2024-05-05
ITM11188,Apparel,204,70,42.58,0.51,L52,D,80,110.37,2024-11-27
ITM11189,Pharma,224,53,20.68,0.12,L66,D,42,129.35,2024-05-31
ITM11190,Automotive,279,95,41.67,0.24,L1,B,12,190.14,2024-09-12
ITM11191,Electronics,233,53,8.57,0.8,L85,D,37,112.35,2024-07-29
ITM11192,Automotive,275,83,41.32,0.79,L70,D,10,131.33,2024-10-08
ITM11193,Apparel,154,71,27.47,0.81,L60,A,135,129.55,2024-09-02
ITM11194,Automotive,80,15,11.93,0.93,L53,D,122,144.54,2024-02-01
ITM11195,Electronics,382,26,20.95,0.21,L7,D,56,131.65,2024-02-14
ITM11196,Apparel,329,60,49.41,0.25,L25,B,46,137.43,2024-05-23
ITM11197,Automotive,107,47,39.39,0.4,L67,D,95,147.92,2024-07-15
ITM11198,Pharma,343,33,29.18,0.92,L47,B,57,163.73,2024-03-11
ITM11199,Apparel,495,60,6.64,0.8,L80,C,117,86.58,2024-08-02
ITM11200,Apparel,226,19,21.47,0.39,L97,D,28,151.71,2024-04-12
ITM11201,Pharma,148,81,13.89,0.18,L64,A,151,29.04,2024-11-25
ITM11202,Groceries,330,30,4.48,0.65,L81,B,92,176.48,2024-09-26
ITM11203,Electronics,22,79,27.57,0.33,L57,C,74,65.11,2024-05-07
ITM11204,Groceries,481,94,44.57,0.58,L98,A,35,86.66,2024-11-18
ITM11205,Automotive,441,66,34.1,0.95,L7,B,147,162.69,2024-10-05
ITM11206,Pharma,261,48,13.23,0.62,L27,C,108,131.03,2024-01-10
ITM11207,Groceries,140,97,29.11,0.93,L35,A,86,68.64,2024-07-14
ITM11208,Apparel,404,42,47.22,0.45,L71,D,79,52.83,2024-07-02
ITM11209,Automotive,121,68,36.42,0.67,L17,A,52,191.97,2024-09-02
ITM11210,Automotive,57,27,34.78,0.9,L37,A,79,26.68,2024-10-05
ITM11211,Groceries,360,65,48.44,0.63,L57,A,68,10.82,2024-09-05
ITM11212,Groceries,432,66,40.14,0.65,L90,B,12,137.86,2024-06-25
ITM11213,Pharma,152,85,7.69,0.74,L63,D,142,126.75,2024-10-16
ITM11214,Electronics,221,57,18.03,0.89,L16,D,94,150.15,2024-09-14
ITM11215,Groceries,367,51,48.29,0.18,L4,B,104,149.01,2024-06-13
ITM11216,Groceries,40,36,25.0,0.4,L81,A,87,174.02,2024-07-17
ITM11217,Apparel,261,83,6.47,0.46,L78,D,110,185.2,2024-05-18
ITM11218,Automotive,474,61,23.47,0.92,L31,A,92,157.25,2024-04-02
ITM11219,Electronics,470,51,35.15,0.96,L91,D,174,54.14,2024-01-14
ITM11220,Apparel,128,41,49.88,0.21,L21,B,93,98.06,2024-06-12
ITM11221,Pharma,322,35,16.87,0.21,L40,C,130,131.93,2024-11-01
ITM11222,Pharma,103,34,26.19,0.94,L71,A,144,112.48,2024-04-22
ITM11223,Groceries,102,84,44.1,0.37,L2,D,62,40.19,2024-01-16
ITM11224,Groceries,310,32,18.41,0.32,L71,D,123,121.96,2024-05-23
ITM11225,Pharma,471,66,6.35,0.13,L53,D,15,178.44,2024-01-30
ITM11226,Groceries,88,61,47.5,0.35,L12,B,144,89.52,2024-08-29
ITM11227,Electronics,148,96,24.93,0.72,L29,B,27,137.1,2024-09-28
ITM11228,Groceries,215,40,25.64,0.48,L15,C,63,127.03,2024-07-02
ITM11229,Automotive,159,73,31.44,0.57,L60,B,136,81.64,2024-10-26
ITM11230,Groceries,463,80,1.17,0.93,L16,A,166,117.4,2024-04-29
ITM11231,Apparel,302,42,46.63,0.2,L83,B,34,49.94,2024-03-22
ITM11232,Electronics,331,94,18.71,0.16,L20,D,72,113.76,2024-02-21
ITM11233,Apparel,253,11,20.45,0.87,L64,A,124,161.78,2024-05-06
ITM11234,Apparel,42,27,9.53,0.8,L92,B,150,154.2,2024-12-02
ITM11235,Automotive,172,56,19.53,0.34,L38,A,169,78.01,2024-05-03
ITM11236,Electronics,296,42,40.39,0.39,L66,A,164,31.3,2024-05-16
ITM11237,Electronics,80,93,40.2,0.38,L91,B,60,161.99,2024-09-30
ITM11238,Electronics,338,44,46.85,0.68,L35,A,171,60.36,2024-01-29
ITM11239,Electronics,397,60,20.76,0.16,L54,D,37,20.08,2024-04-22
ITM11240,Electronics,71,27,35.73,0.54,L62,D,82,94.59,2024-10-21
ITM11241,Automotive,363,97,25.85,0.22,L61,B,81,150.5,2024-07-17
ITM11242,Groceries,172,81,40.4,0.84,L32,B,94,163.61,2024-06-30
ITM11243,Apparel,256,39,35.91,0.44,L59,D,119,196.62,2024-03-29
ITM11244,Electronics,330,53,19.03,0.57,L71,B,39,45.99,2024-03-31
ITM11245,Groceries,321,62,17.5,0.13,L19,D,18,65.82,2024-05-01
ITM11246,Groceries,51,19,13.37,0.15,L50,A,150,125.8,2024-10-30
ITM11247,Apparel,74,96,29.25,0.71,L25,B,91,164.16,2024-06-11
ITM11248,Automotive,371,61,48.23,0.79,L77,C,73,54.47,2024-12-23
ITM11249,Pharma,408,58,10.8,0.74,L66,D,47,87.88,2024-07-02
ITM11250,Pharma,55,20,5.67,0.76,L96,D,128,87.6,2024-10-29
ITM11251,Groceries,129,75,6.85,0.19,L18,A,31,156.86,2024-01-15
ITM11252,Apparel,196,67,39.37,0.72,L9,C,168,55.78,2024-12-26
ITM11253,Pharma,381,99,18.16,0.26,L36,C,108,194.06,2024-12-24
ITM11254,Groceries,333,45,11.99,0.19,L99,C,179,106.99,2024-06-29
ITM11255,Automotive,314,42,18.29,0.78,L54,D,115,63.59,2024-10-17
ITM11256,Pharma,355,56,32.62,0.9,L44,D,73,64.01,2024-10-15
ITM11257,Groceries,116,22,27.79,0.75,L65,C,18,13.48,2024-03-13
ITM11258,Groceries,388,49,37.44,0.83,L35,B,135,141.56,2024-10-15
ITM11259,Electronics,232,98,17.61,0.99,L1,C,104,157.43,2024-04-06
ITM11260,Automotive,336,77,23.15,0.22,L37,A,177,16.16,2024-09-09
ITM11261,Electronics,156,51,6.0,0.97,L93,C,97,121.33,2024-10-04
ITM11262,Apparel,25,28,4.58,0.64,L39,C,178,158.52,2024-06-07
ITM11263,Electronics,128,91,23.65,0.83,L76,C,122,81.49,2024-03-30
ITM11264,Electronics,54,28,15.78,0.69,L75,B,81,92.22,2024-09-08
ITM11265,Pharma,58,67,31.03,0.61,L85,C,59,78.71,2024-01-20
ITM11266,Groceries,169,32,3.11,0.73,L63,C,157,69.97,2024-02-16
ITM11267,Automotive,444,63,6.97,0.39,L20,D,90,103.32,2024-01-29
ITM11268,Electronics,137,89,43.39,0.93,L58,C,179,41.56,2024-04-29
ITM11269,Automotive,280,74,28.75,0.2,L69,A,42,93.73,2024-11-04
ITM11270,Electronics,445,21,35.89,0.39,L62,D,72,188.95,2024-04-22
ITM11271,Apparel,106,33,42.26,0.13,L45,B,114,15.21,2024-01-11
ITM11272,Electronics,484,43,23.73,0.34,L43,D,108,41.3,2024-09-26
ITM11273,Pharma,95,62,38.29,0.3,L71,B,15,157.76,2024-09-01
ITM11274,Groceries,490,17,26.7,0.14,L98,B,144,35.09,2024-01-01
ITM11275,Apparel,483,27,11.91,0.54,L70,A,18,61.54,2024-06-18
ITM11276,Electronics,470,66,17.55,0.52,L49,C,110,96.42,2024-11-10
ITM11277,Automotive,433,14,25.03,0.17,L59,A,70,189.2,2024-04-13
ITM11278,Apparel,332,35,16.53,0.34,L42,D,171,44.87,2024-03-07
ITM11279,Apparel,402,39,17.44,0.96,L25,B,172,185.39,2024-06-23
ITM11280,Electronics,233,63,17.53,0.2,L90,D,108,146.52,2024-03-31
ITM11281,Apparel,476,22,7.02,0.37,L31,B,157,137.52,2024-06-14
ITM11282,Automotive,304,92,5.15,0.13,L74,D,67,147.47,2024-01-31
ITM11283,Apparel,258,38,3.28,0.23,L50,B,69,15.94,2024-01-12
ITM11284,Automotive,184,12,6.44,0.73,L30,A,44,28.79,2024-03-16
ITM11285,Electronics,106,99,17.84,0.43,L100,B,56,73.62,2024-10-27
ITM11286,Groceries,160,67,30.1,0.51,L53,C,55,24.05,2024-12-26
ITM11287,Apparel,179,85,10.22,0.24,L6,A,96,197.64,2024-03-13
ITM11288,Groceries,65,11,44.51,0.71,L41,C,13,120.28,2024-02-26
ITM11289,Automotive,391,84,40.61,0.78,L96,D,19,102.6,2024-09-26
ITM11290,Apparel,131,37,26.51,0.26,L61,D,116,159.25,2024-07-05
ITM11291,Pharma,426,91,36.49,0.14,L91,B,84,195.62,2024-02-07
ITM11292,Groceries,64,86,18.95,0.17,L49,B,49,191.47,2024-07-10
ITM11293,Apparel,420,95,2.8,0.69,L50,D,136,160.68,2024-12-26
ITM11294,Groceries,266,85,45.31,0.22,L85,A,128,81.66,2024-12-05
ITM11295,Apparel,123,11,7.26,0.54,L84,C,82,22.53,2024-07-21
ITM11296,Electronics,104,16,47.45,0.24,L20,D,49,28.69,2024-10-27
ITM11297,Groceries,469,35,29.02,0.25,L64,A,105,10.22,2024-02-21
ITM11298,Pharma,153,99,15.97,0.1,L5,C,32,10.36,2024-06-21
ITM11299,Pharma,127,97,25.28,0.39,L17,B,152,187.92,2024-06-03
ITM11300,Automotive,37,85,25.58,0.18,L65,A,124,186.13,2024-06-14
ITM11301,Apparel,113,25,2.14,0.45,L76,A,125,136.84,2024-03-10
ITM11302,Groceries,169,32,18.42,0.64,L43,D,142,148.07,2024-03-21
ITM11303,Automotive,265,49,37.25,0.43,L13,C,177,107.51,2024-08-11
ITM11304,Groceries,308,69,25.99,0.73,L57,D,155,55.19,2024-11-23
ITM11305,Apparel,433,82,12.97,0.77,L13,B,30,183.73,2024-09-06
ITM11306,Pharma,228,41,17.42,0.73,L68,B,12,62.76,2024-11-28
ITM11307,Electronics,145,24,43.29,0.94,L59,C,55,150.54,2024-06-11
ITM11308,Pharma,254,22,26.75,0.31,L2,C,99,56.63,2024-03-30
ITM11309,Automotive,435,14,26.89,0.27,L93,C,88,175.33,2024-12-28
ITM11310,Electronics,445,84,48.11,0.65,L19,D,136,133.74,2024-10-14
ITM11311,Automotive,481,83,16.72,0.64,L53,C,62,132.11,2024-12-21
ITM11312,Apparel,141,61,24.5,0.56,L84,C,157,28.5,2024-11-10
ITM11313,Electronics,157,86,40.77,0.1,L20,D,30,89.7,2024-07-01
ITM11314,Automotive,134,50,38.19,0.6,L10,B,99,109.73,2024-04-24
ITM11315,Apparel,439,62,14.02,0.94,L61,B,122,65.87,2024-12-06
ITM11316,Pharma,181,59,8.4,0.4,L34,A,60,177.39,2024-10-28
ITM11317,Apparel,220,24,35.33,0.97,L44,B,162,169.16,2024-03-30
ITM11318,Groceries,253,16,13.63,0.42,L80,C,77,103.79,2024-07-12
ITM11319,Apparel,47,49,46.21,0.23,L89,B,125,74.61,2024-06-06
ITM11320,Apparel,30,37,7.33,0.46,L51,D,147,162.29,2024-12-18
ITM11321,Groceries,225,41,16.6,0.55,L84,B,92,47.41,2024-05-30
ITM11322,Automotive,186,24,3.68,0.67,L11,B,104,23.59,2024-03-06
ITM11323,Automotive,266,94,35.46,0.55,L43,A,146,18.68,2024-03-31
ITM11324,Apparel,66,79,44.67,0.58,L87,A,38,17.35,2024-01-01
ITM11325,Groceries,265,74,32.16,0.12,L69,C,174,102.89,2024-12-25
ITM11326,Groceries,146,13,46.95,0.33,L49,D,119,58.51,2024-10-20
ITM11327,Pharma,166,20,7.3,0.38,L41,C,80,141.17,2024-07-19
ITM11328,Automotive,137,35,5.3,0.99,L81,D,47,134.24,2024-10-17
ITM11329,Electronics,418,70,42.08,0.37,L92,D,136,112.98,2024-01-17
ITM11330,Automotive,401,46,42.92,0.91,L98,A,81,77.04,2024-04-03
ITM11331,Automotive,431,32,41.72,0.37,L63,B,68,171.59,2024-11-04
ITM11332,Pharma,171,94,40.15,0.19,L70,B,37,144.84,2024-06-11
ITM11333,Electronics,91,49,18.75,0.32,L5,A,165,61.59,2024-11-09
ITM11334,Pharma,382,86,11.66,0.35,L80,C,55,105.32,2024-04-23
ITM11335,Electronics,156,32,46.51,0.98,L9,B,80,39.69,2024-11-23
ITM11336,Apparel,194,25,16.04,0.71,L31,C,47,72.47,2024-10-16
ITM11337,Electronics,308,70,20.52,0.94,L81,B,126,199.46,2024-02-23
ITM11338,Pharma,465,77,35.28,0.85,L88,C,117,52.53,2024-09-11
ITM11339,Automotive,38,89,15.37,0.62,L37,D,155,142.68,2024-03-13
ITM11340,Electronics,214,40,41.14,0.71,L30,D,104,55.3,2024-06-18
ITM11341,Electronics,349,62,4.43,0.66,L96,B,72,188.25,2024-02-09
ITM11342,Groceries,443,34,39.77,0.7,L12,C,112,68.93,2024-05-01
ITM11343,Automotive,194,53,30.49,0.34,L56,C,14,75.87,2024-06-26
ITM11344,Apparel,468,21,29.08,0.47,L13,D,166,122.83,2024-06-12
ITM11345,Pharma,432,99,23.46,0.63,L98,C,116,121.74,2024-03-26
ITM11346,Apparel,453,18,14.58,0.13,L82,A,151,120.02,2024-11-21
ITM11347,Automotive,373,21,23.74,0.53,L91,C,67,118.92,2024-02-15
ITM11348,Electronics,160,78,23.05,0.87,L13,D,155,69.32,2024-12-28
ITM11349,Electronics,265,63,29.6,0.54,L57,A,16,92.54,2024-12-09
ITM11350,Automotive,404,63,14.8,0.6,L22,A,96,122.75,2024-11-23
ITM11351,Electronics,437,37,4.8,0.28,L89,C,106,137.54,2024-06-20
ITM11352,Electronics,112,65,8.11,0.81,L39,D,54,58.09,2024-08-16
ITM11353,Electronics,451,78,35.26,0.42,L4,D,25,143.28,2024-01-06
ITM11354,Pharma,258,86,2.1,0.96,L6,D,73,185.42,2024-05-15
ITM11355,Pharma,224,67,42.97,0.99,L42,A,46,154.01,2024-04-17
ITM11356,Groceries,67,87,35.03,0.92,L8,D,162,26.0,2024-05-07
ITM11357,Apparel,452,84,38.64,0.18,L38,A,18,99.13,2024-12-20
ITM11358,Automotive,264,51,41.96,0.4,L46,A,165,92.7,2024-02-04
ITM11359,Automotive,339,47,7.01,0.95,L48,B,146,73.94,2024-06-28
ITM11360,Automotive,336,77,41.3,0.82,L56,C,149,103.35,2024-05-11
ITM11361,Groceries,432,62,25.73,0.92,L19,D,155,93.53,2024-02-25
ITM11362,Pharma,314,42,44.39,0.62,L32,A,99,11.17,2024-01-01
ITM11363,Groceries,147,80,44.44,0.53,L68,C,83,54.95,2024-01-25
ITM11364,Automotive,363,65,2.18,0.2,L53,A,134,50.62,2024-07-16
ITM11365,Apparel,301,81,19.76,0.86,L73,C,60,76.36,2024-08-12
ITM11366,Electronics,36,60,26.79,0.77,L88,A,41,43.15,2024-08-02
ITM11367,Pharma,90,83,34.24,0.15,L24,D,97,22.88,2024-03-26
ITM11368,Pharma,288,52,15.02,0.29,L22,B,145,47.36,2024-07-30
ITM11369,Groceries,344,24,13.35,0.6,L23,B,167,172.3,2024-09-09
ITM11370,Pharma,301,47,19.68,0.72,L11,B,35,161.44,2024-07-12
ITM11371,Automotive,324,24,25.55,0.22,L79,A,161,94.0,2024-06-28
ITM11372,Automotive,470,14,47.61,0.32,L49,C,164,176.78,2024-10-06
ITM11373,Groceries,26,92,38.34,0.27,L80,D,176,54.21,2024-07-11
ITM11374,Automotive,333,63,22.04,0.3,L88,D,75,121.0,2024-02-21
ITM11375,Apparel,324,60,3.66,0.93,L31,A,82,37.16,2024-09-02
ITM11376,Groceries,122,19,9.26,0.74,L64,B,59,168.35,2024-10-22
ITM11377,Apparel,328,21,23.34,0.76,L75,A,54,34.81,2024-11-29
ITM11378,Electronics,212,13,40.88,0.81,L19,C,96,16.05,2024-12-17
ITM11379,Apparel,260,27,19.65,0.42,L30,B,42,61.95,2024-04-25
ITM11380,Electronics,81,89,27.39,0.79,L60,A,28,181.18,2024-03-24
ITM11381,Electronics,36,45,44.7,0.98,L82,C,150,34.6,2024-08-19
ITM11382,Apparel,190,34,45.78,0.73,L33,B,122,72.83,2024-02-07
ITM11383,Groceries,44,96,11.57,0.48,L59,D,31,70.12,2024-01-18
ITM11384,Automotive,270,85,3.14,0.74,L33,C,157,162.31,2024-05-30
ITM11385,Automotive,272,45,15.97,0.91,L86,D,106,90.09,2024-01-11
ITM11386,Electronics,406,76,35.09,0.22,L2,C,14,126.2,2024-06-12
ITM11387,Electronics,226,18,47.6,0.34,L60,B,135,86.83,2024-05-13
ITM11388,Groceries,48,70,4.77,0.93,L37,A,87,114.78,2024-02-23
ITM11389,Pharma,136,62,2.4,0.95,L87,A,169,21.86,2024-02-07
ITM11390,Apparel,435,27,44.32,0.54,L70,A,39,81.07,2024-06-24
ITM11391,Electronics,301,52,37.66,0.44,L21,A,100,172.47,2024-03-28
ITM11392,Automotive,399,44,49.62,0.35,L10,C,163,141.3,2024-07-11
ITM11393,Groceries,163,72,20.44,0.55,L57,A,91,196.55,2024-03-23
ITM11394,Apparel,44,87,21.39,0.94,L45,A,97,159.7,2024-02-08
ITM11395,Groceries,329,13,9.44,0.23,L76,C,141,95.79,2024-10-07
ITM11396,Apparel,175,50,6.68,0.48,L39,C,114,138.49,2024-02-17
ITM11397,Apparel,92,54,29.36,0.92,L82,B,76,157.42,2024-06-22
ITM11398,Electronics,139,59,18.85,0.41,L55,C,127,61.24,2024-10-31
ITM11399,Groceries,331,88,4.94,0.79,L89,D,39,21.4,2024-11-10
ITM11400,Groceries,340,37,44.46,0.45,L33,B,120,87.11,2024-09-04
ITM11401,Automotive,112,51,10.72,0.82,L59,B,153,37.49,2024-12-26
ITM11402,Automotive,105,89,37.68,0.98,L39,A,48,62.68,2024-01-16
ITM11403,Electronics,355,85,14.83,0.45,L26,A,95,189.9,2024-08-08
ITM11404,Electronics,444,78,40.83,0.86,L50,D,50,170.95,2024-11-30
ITM11405,Pharma,383,10,6.8,0.99,L62,A,40,122.57,2024-03-25
ITM11406,Automotive,454,48,38.05,0.99,L14,C,150,86.24,2024-11-06
ITM11407,Apparel,137,99,5.81,0.49,L31,C,178,60.22,2024-08-10
ITM11408,Groceries,252,26,22.9,0.54,L49,A,165,118.58,2024-03-21
ITM11409,Electronics,218,97,36.97,0.37,L74,A,136,111.3,2024-01-28
ITM11410,Groceries,225,44,9.49,0.38,L46,C,73,158.35,2024-02-21
ITM11411,Groceries,432,55,15.0,0.54,L74,B,126,186.32,2024-06-18
ITM11412,Pharma,358,51,43.37,0.28,L38,D,28,72.5,2024-04-15
ITM11413,Automotive,166,48,44.37,0.74,L90,D,120,49.2,2024-04-07
ITM11414,Electronics,469,99,3.2,0.58,L38,B,123,86.53,2024-07-28
ITM11415,Groceries,444,58,9.24,0.91,L3,D,34,93.13,2024-12-22
ITM11416,Electronics,448,71,6.76,0.83,L85,A,175,17.58,2024-10-10
ITM11417,Apparel,290,47,9.8,0.39,L51,A,130,173.72,2024-10-03
ITM11418,Pharma,406,32,48.54,0.56,L36,A,108,199.16,2024-05-15
ITM11419,Apparel,158,31,28.03,0.78,L2,D,99,185.41,2024-12-04
ITM11420,Electronics,200,13,23.94,0.27,L73,B,12,173.53,2024-05-24
ITM11421,Electronics,449,58,49.24,0.13,L88,A,139,198.59,2024-06-01
ITM11422,Automotive,49,68,28.29,0.87,L100,B,14,182.48,2024-05-01
ITM11423,Groceries,76,82,33.39,0.22,L96,C,29,140.79,2024-02-19
ITM11424,Groceries,251,77,17.31,0.9,L7,C,47,41.68,2024-01-26
ITM11425,Apparel,165,80,19.72,0.92,L78,C,110,39.71,2024-07-20
ITM11426,Pharma,454,96,30.13,0.51,L96,D,137,19.27,2024-10-19
ITM11427,Groceries,403,11,4.42,0.83,L64,D,111,88.25,2024-10-08
ITM11428,Automotive,67,58,13.54,0.43,L37,A,45,163.68,2024-09-08
ITM11429,Apparel,213,97,10.64,0.87,L100,C,108,103.16,2024-03-19
ITM11430,Apparel,243,40,1.78,0.84,L30,B,122,79.6,2024-01-28
ITM11431,Automotive,155,49,27.31,0.17,L78,D,46,30.75,2024-07-03
ITM11432,Pharma,41,57,28.49,0.62,L46,B,63,19.83,2024-01-02
ITM11433,Automotive,25,60,19.81,0.68,L29,B,158,85.84,2024-08-06
ITM11434,Pharma,223,52,14.17,0.1,L82,A,158,28.99,2024-02-14
ITM11435,Automotive,258,64,32.95,0.98,L25,A,101,29.67,2024-05-30
ITM11436,Automotive,204,97,7.6,0.47,L80,B,79,85.12,2024-12-04
ITM11437,Electronics,379,58,26.41,0.57,L33,B,93,105.54,2024-11-16
ITM11438,Apparel,311,99,38.64,0.28,L87,B,173,45.47,2024-11-03
ITM11439,Automotive,354,89,9.05,0.65,L97,B,20,140.08,2024-09-02
ITM11440,Automotive,239,66,37.91,0.83,L93,C,97,89.55,2024-04-12
ITM11441,Groceries,135,86,38.28,0.63,L99,B,96,27.47,2024-02-19
ITM11442,Apparel,332,24,3.94,0.81,L85,D,40,131.04,2024-01-14
ITM11443,Groceries,68,36,1.92,0.76,L88,A,110,77.82,2024-04-15
ITM11444,Apparel,192,77,48.72,0.31,L18,D,174,19.94,2024-03-28
ITM11445,Groceries,101,89,10.48,0.49,L81,A,69,190.12,2024-11-22
ITM11446,Automotive,341,73,41.28,0.23,L13,A,70,118.53,2024-05-29
ITM11447,Automotive,352,39,28.53,0.14,L81,A,76,100.77,2024-02-11
ITM11448,Electronics,64,45,13.96,0.16,L83,D,166,173.24,2024-08-30
ITM11449,Groceries,354,76,7.37,0.95,L6,A,88,187.98,2024-02-29
ITM11450,Pharma,39,95,25.34,0.99,L40,B,80,51.86,2024-06-06
ITM11451,Electronics,467,95,20.96,0.19,L57,B,76,163.93,2024-07-22
ITM11452,Groceries,240,58,35.25,0.4,L5,C,137,167.91,2024-08-29
ITM11453,Groceries,142,85,45.3,0.2,L75,C,120,20.34,2024-09-07
ITM11454,Electronics,253,64,40.46,0.85,L47,C,25,145.27,2024-12-04
ITM11455,Automotive,240,94,14.45,0.55,L94,B,54,21.96,2024-05-15
ITM11456,Groceries,342,65,44.07,0.66,L17,D,43,122.99,2024-02-16
ITM11457,Automotive,358,77,41.84,0.59,L12,C,53,137.15,2024-11-24
ITM11458,Electronics,22,53,46.53,0.74,L38,B,126,79.74,2024-10-05
ITM11459,Automotive,201,40,23.47,0.39,L42,A,134,177.35,2024-07-17
ITM11460,Apparel,225,67,38.66,0.22,L96,D,112,162.1,2024-04-04
ITM11461,Pharma,339,96,29.99,0.12,L54,D,129,185.93,2024-07-08
ITM11462,Groceries,59,62,16.21,0.5,L23,B,179,69.83,2024-07-14
ITM11463,Pharma,78,93,49.73,0.92,L26,B,44,14.09,2024-07-08
ITM11464,Automotive,458,88,2.88,0.37,L17,A,135,164.18,2024-04-05
ITM11465,Groceries,81,32,8.95,0.28,L70,A,84,52.37,2024-08-16
ITM11466,Automotive,151,37,44.73,0.93,L47,A,93,98.76,2024-01-23
ITM11467,Apparel,79,25,3.97,0.19,L68,D,167,165.29,2024-05-14
ITM11468,Electronics,391,46,44.45,0.15,L65,D,62,51.07,2024-08-13
ITM11469,Groceries,350,30,36.05,0.89,L35,C,67,69.26,2024-08-26
ITM11470,Apparel,141,88,2.8,0.73,L22,C,165,93.43,2024-05-14
ITM11471,Apparel,498,26,22.04,0.48,L33,C,152,61.65,2024-04-25
ITM11472,Groceries,126,46,37.97,0.78,L62,D,175,97.65,2024-05-17
ITM11473,Automotive,115,86,29.57,0.77,L38,A,59,11.82,2024-10-15
ITM11474,Apparel,366,28,46.86,0.14,L96,C,150,50.32,2024-02-01
ITM11475,Pharma,433,39,43.51,0.71,L44,A,120,168.19,2024-03-18
ITM11476,Apparel,254,54,17.3,0.68,L15,A,172,88.56,2024-12-22
ITM11477,Automotive,405,27,5.15,0.97,L60,A,120,130.92,2024-12-07
ITM11478,Automotive,81,87,47.27,0.97,L10,C,161,54.13,2024-02-19
ITM11479,Pharma,275,71,26.35,0.44,L19,C,129,133.48,2024-02-13
ITM11480,Apparel,68,45,4.65,0.63,L97,A,74,200.0,2024-12-08
ITM11481,Automotive,412,93,41.01,0.23,L29,C,115,123.1,2024-06-25
ITM11482,Groceries,367,61,43.56,0.16,L87,B,100,129.39,2024-10-04
ITM11483,Electronics,178,28,32.33,0.49,L93,C,155,31.19,2024-07-30
ITM11484,Electronics,143,53,22.93,0.72,L87,A,35,86.64,2024-10-28
ITM11485,Electronics,336,16,33.45,0.61,L51,A,166,173.54,2024-04-26
ITM11486,Apparel,226,53,35.63,0.49,L72,D,81,168.51,2024-10-10
ITM11487,Pharma,67,77,44.76,0.84,L47,D,53,109.26,2024-02-01
ITM11488,Automotive,428,43,47.84,0.81,L12,A,99,181.66,2024-07-17
ITM11489,Groceries,439,75,26.2,0.76,L51,B,142,37.16,2024-09-24
ITM11490,Groceries,155,78,40.13,0.17,L2,D,170,135.06,2024-08-02
ITM11491,Apparel,220,64,48.26,0.82,L34,A,133,57.29,2024-10-01
ITM11492,Electronics,269,19,8.41,0.93,L69,D,14,132.66,2024-12-17
ITM11493,Apparel,333,51,1.9,0.15,L16,D,136,26.61,2024-08-31
ITM11494,Pharma,376,50,43.58,0.46,L59,A,122,189.29,2024-10-20
ITM11495,Pharma,387,86,10.57,0.99,L48,C,120,159.4,2024-04-30
ITM11496,Automotive,448,78,3.08,0.64,L87,B,173,48.18,2024-08-31
ITM11497,Automotive,337,19,8.84,0.56,L96,C,86,131.08,2024-06-02
ITM11498,Pharma,314,19,19.82,0.26,L87,A,22,154.24,2024-02-10
ITM11499,Pharma,499,69,11.74,0.61,L34,A,162,49.79,2024-07-21
ITM11500,Pharma,333,60,15.96,0.5,L75,B,67,27.73,2024-01-18
ITM11501,Apparel,228,30,48.79,0.21,L49,A,139,76.84,2024-09-14
ITM11502,Pharma,374,17,35.52,0.52,L82,D,97,35.79,2024-10-19
ITM11503,Groceries,230,74,35.9,0.25,L48,B,45,117.49,2024-09-21
ITM11504,Electronics,211,87,5.64,0.76,L14,C,34,90.58,2024-10-19
ITM11505,Pharma,63,94,36.87,0.98,L87,B,43,97.86,2024-12-12
ITM11506,Electronics,48,39,37.23,0.52,L30,C,149,113.14,2024-11-13
ITM11507,Apparel,78,94,33.33,0.67,L61,A,28,196.59,2024-03-16
ITM11508,Electronics,90,58,12.19,0.49,L4,C,123,160.6,2024-03-02
ITM11509,Apparel,111,18,21.73,0.22,L80,C,115,129.6,2024-08-17
ITM11510,Groceries,284,26,42.47,0.97,L72,C,46,79.1,2024-03-29
ITM11511,Apparel,402,78,33.84,0.22,L42,B,116,15.14,2024-03-26
ITM11512,Apparel,239,67,36.91,0.2,L79,D,138,32.14,2024-04-18
ITM11513,Automotive,409,66,29.78,0.51,L29,C,69,148.86,2024-04-08
ITM11514,Pharma,432,71,23.03,0.69,L83,B,76,80.15,2024-03-05
ITM11515,Pharma,461,61,38.19,0.42,L9,B,88,73.54,2024-01-22
ITM11516,Groceries,420,70,4.33,0.27,L82,D,120,178.91,2024-08-04
ITM11517,Groceries,419,49,33.98,0.84,L60,B,57,102.06,2024-02-10
ITM11518,Pharma,234,47,49.86,0.43,L90,A,156,180.92,2024-12-15
ITM11519,Automotive,498,52,39.23,0.27,L39,A,97,178.46,2024-08-10
ITM11520,Pharma,406,72,15.24,0.43,L84,A,49,25.23,2024-04-13
ITM11521,Automotive,296,28,14.61,0.29,L53,D,143,189.62,2024-11-17
ITM11522,Groceries,83,59,33.69,0.57,L15,B,105,24.62,2024-03-16
ITM11523,Electronics,365,42,44.9,0.7,L18,A,172,193.07,2024-10-31
ITM11524,Groceries,311,22,29.32,0.82,L6,C,70,96.0,2024-05-12
ITM11525,Groceries,264,87,26.84,0.3,L5,B,14,154.56,2024-06-12
ITM11526,Apparel,489,71,8.86,0.25,L39,A,46,144.17,2024-02-04
ITM11527,Apparel,81,52,36.06,0.12,L64,B,148,108.51,2024-02-14
ITM11528,Apparel,445,58,35.41,0.31,L15,A,115,127.7,2024-07-17
ITM11529,Apparel,351,45,48.38,0.12,L13,C,108,190.48,2024-10-11
ITM11530,Automotive,189,19,15.71,0.41,L31,B,177,186.2,2024-07-22
ITM11531,Pharma,464,15,38.07,0.23,L69,A,17,134.32,2024-10-09
ITM11532,Electronics,288,66,22.27,0.62,L18,A,96,134.97,2024-06-15
ITM11533,Groceries,286,10,28.37,0.45,L50,C,93,56.92,2024-05-21
ITM11534,Automotive,73,80,41.01,0.18,L59,C,20,167.44,2024-09-23
ITM11535,Electronics,35,67,11.88,0.46,L48,A,80,130.19,2024-08-22
ITM11536,Automotive,27,30,17.8,0.29,L86,A,103,166.99,2024-01-07
ITM11537,Automotive,123,89,38.89,0.71,L96,D,132,134.99,2024-12-24
ITM11538,Groceries,78,65,28.95,0.43,L90,D,150,66.87,2024-11-15
ITM11539,Pharma,332,96,5.53,0.23,L70,B,115,46.0,2024-10-27
ITM11540,Apparel,59,29,22.08,0.41,L54,B,58,24.62,2024-09-24
ITM11541,Pharma,256,63,29.75,0.3,L76,D,16,121.34,2024-08-02
ITM11542,Groceries,462,34,45.57,0.82,L96,A,110,63.97,2024-02-27
ITM11543,Groceries,405,37,10.24,0.99,L94,C,162,129.8,2024-07-31
ITM11544,Groceries,113,14,40.49,0.12,L20,B,160,21.14,2024-03-17
ITM11545,Electronics,241,30,7.4,0.72,L54,A,60,81.38,2024-03-16
ITM11546,Pharma,223,27,12.87,0.34,L84,C,14,59.51,2024-10-17
ITM11547,Pharma,157,56,12.92,0.16,L13,C,22,80.36,2024-10-28
ITM11548,Automotive,319,79,44.0,0.11,L63,A,51,20.31,2024-10-25
ITM11549,Automotive,414,66,10.75,0.89,L79,A,134,147.59,2024-02-21
ITM11550,Automotive,226,28,39.56,0.42,L53,B,142,32.17,2024-02-24
ITM11551,Groceries,355,74,23.63,1.0,L36,D,160,12.74,2024-10-15
ITM11552,Pharma,100,12,49.96,0.5,L5,A,71,189.79,2024-02-21
ITM11553,Groceries,237,51,42.12,0.27,L89,D,138,46.65,2024-05-26
ITM11554,Electronics,21,30,37.25,0.8,L48,B,83,167.33,2024-10-01
ITM11555,Automotive,197,49,43.67,0.93,L28,D,123,193.25,2024-06-25
ITM11556,Groceries,415,76,32.07,0.83,L57,D,63,111.48,2024-07-29
ITM11557,Groceries,390,34,42.34,0.77,L57,C,125,109.96,2024-05-15
ITM11558,Electronics,365,64,13.8,0.4,L31,B,140,79.81,2024-07-15
ITM11559,Apparel,298,93,5.79,0.16,L47,A,92,90.86,2024-12-01
ITM11560,Pharma,165,61,31.18,0.28,L13,D,139,101.59,2024-09-05
ITM11561,Apparel,337,53,22.3,0.5,L88,B,58,38.9,2024-10-19
ITM11562,Automotive,243,94,21.9,0.96,L48,C,40,79.3,2024-11-07
ITM11563,Groceries,388,65,26.81,0.75,L70,C,83,165.06,2024-08-30
ITM11564,Electronics,403,64,18.71,0.85,L83,D,126,44.66,2024-01-20
ITM11565,Electronics,81,96,31.68,0.35,L46,D,12,148.67,2024-03-29
ITM11566,Pharma,313,79,2.5,0.72,L8,A,133,133.8,2024-05-21
ITM11567,Apparel,258,86,48.52,0.88,L51,B,172,20.89,2024-07-25
ITM11568,Pharma,214,96,46.31,0.53,L36,A,94,14.26,2024-03-14
ITM11569,Groceries,185,82,46.83,0.49,L25,A,173,76.98,2024-11-12
ITM11570,Pharma,470,90,18.89,0.75,L16,C,73,141.51,2024-11-07
ITM11571,Electronics,241,75,27.06,0.6,L59,B,169,72.78,2024-12-14
ITM11572,Electronics,80,28,47.75,0.99,L12,A,27,136.87,2024-12-21
ITM11573,Automotive,148,92,45.21,0.48,L85,C,43,136.44,2024-07-24
ITM11574,Automotive,497,16,39.72,0.26,L28,D,65,163.25,2024-01-20
ITM11575,Groceries,192,72,20.96,0.52,L83,A,76,28.9,2024-07-21
ITM11576,Apparel,499,51,28.65,0.31,L82,D,100,119.65,2024-06-18
ITM11577,Pharma,175,51,39.85,0.61,L77,B,76,21.87,2024-12-19
ITM11578,Groceries,424,68,14.38,0.21,L3,A,119,43.43,2024-05-01
ITM11579,Automotive,397,29,31.7,0.95,L7,D,176,71.85,2024-01-26
ITM11580,Pharma,129,82,41.57,0.87,L43,D,175,144.4,2024-08-31
ITM11581,Automotive,288,26,35.67,0.24,L32,B,49,195.04,2024-05-17
ITM11582,Pharma,430,36,24.49,0.26,L17,C,156,75.08,2024-07-09
ITM11583,Apparel,375,56,29.65,0.56,L73,C,142,109.02,2024-01-11
ITM11584,Groceries,410,11,49.45,0.8,L27,A,151,59.22,2024-06-21
ITM11585,Pharma,297,72,30.5,0.3,L9,D,100,138.34,2024-06-04
ITM11586,Electronics,93,71,39.5,0.15,L98,C,58,79.65,2024-06-08
ITM11587,Electronics,456,28,36.6,0.59,L71,A,73,101.5,2024-05-23
ITM11588,Pharma,482,26,35.37,0.72,L27,D,121,117.88,2024-09-08
ITM11589,Pharma,226,78,36.1,0.32,L76,A,109,140.39,2024-12-22
ITM11590,Pharma,407,48,23.27,0.77,L28,B,113,21.41,2024-12-16
ITM11591,Electronics,499,91,24.23,0.96,L30,A,172,115.43,2024-02-20
ITM11592,Electronics,298,80,23.93,0.22,L43,B,14,91.92,2024-04-26
ITM11593,Pharma,394,90,2.63,0.56,L100,D,128,35.42,2024-03-09
ITM11594,Automotive,345,48,12.81,0.15,L19,D,97,49.53,2024-06-02
ITM11595,Automotive,491,45,8.57,0.29,L77,D,176,177.94,2024-08-14
ITM11596,Apparel,359,49,44.44,0.18,L1,A,136,175.64,2024-06-13
ITM11597,Groceries,376,54,14.47,0.46,L36,D,33,16.33,2024-05-17
ITM11598,Automotive,359,13,7.78,0.84,L19,D,177,140.99,2024-08-01
ITM11599,Electronics,223,34,6.87,0.62,L17,B,116,115.3,2024-11-05
ITM11600,Automotive,180,78,35.3,0.3,L70,D,59,188.57,2024-11-26
ITM11601,Apparel,47,39,1.3,0.14,L33,D,67,182.52,2024-02-15
ITM11602,Apparel,411,85,24.09,0.6,L23,D,10,120.12,2024-04-06
ITM11603,Groceries,276,77,6.82,0.22,L15,C,176,36.4,2024-08-14
ITM11604,Automotive,184,97,42.63,0.41,L85,D,147,97.36,2024-04-18
ITM11605,Electronics,82,38,47.96,0.56,L4,A,11,147.78,2024-07-27
ITM11606,Electronics,41,82,47.98,0.91,L17,B,72,190.83,2024-09-05
ITM11607,Pharma,89,77,22.66,0.17,L2,D,25,79.13,2024-09-21
ITM11608,Electronics,400,60,32.58,0.7,L46,A,46,159.09,2024-07-10
ITM11609,Groceries,424,33,30.39,0.11,L31,B,25,139.83,2024-01-29
ITM11610,Groceries,115,23,18.15,0.67,L76,B,96,24.88,2024-09-20
ITM11611,Electronics,182,78,22.76,0.6,L42,A,99,116.02,2024-03-22
ITM11612,Electronics,98,27,4.15,0.83,L3,A,89,44.87,2024-02-03
ITM11613,Pharma,24,51,39.99,0.58,L23,C,36,139.87,2024-06-08
ITM11614,Electronics,335,66,12.8,0.42,L34,C,120,125.92,2024-12-29
ITM11615,Pharma,139,92,23.57,0.32,L7,D,73,194.88,2024-09-16
ITM11616,Pharma,321,21,24.55,0.18,L17,C,106,187.72,2024-07-25
ITM11617,Electronics,197,91,28.47,0.58,L95,A,169,11.78,2024-03-10
ITM11618,Apparel,195,26,41.08,0.9,L54,C,146,25.21,2024-09-25
ITM11619,Apparel,409,39,34.9,0.56,L68,B,20,156.14,2024-10-18
ITM11620,Pharma,236,97,33.49,0.77,L15,A,79,140.27,2024-01-15
ITM11621,Electronics,75,84,26.81,0.37,L96,D,167,162.18,2024-03-29
ITM11622,Apparel,385,32,5.7,0.5,L9,B,152,60.69,2024-04-08
ITM11623,Electronics,206,90,20.7,0.39,L61,B,57,171.37,2024-04-12
ITM11624,Electronics,251,10,47.91,0.2,L58,B,103,94.06,2024-01-30
ITM11625,Electronics,274,88,49.78,0.48,L100,A,85,59.76,2024-05-07
ITM11626,Automotive,432,41,36.79,0.79,L47,A,69,12.02,2024-01-17
ITM11627,Electronics,474,18,12.15,0.46,L66,D,77,175.56,2024-08-21
ITM11628,Automotive,123,24,5.99,0.69,L76,C,66,111.72,2024-01-26
ITM11629,Pharma,96,37,21.32,0.78,L14,C,73,195.32,2024-07-03
ITM11630,Apparel,249,33,42.97,0.39,L58,C,89,145.79,2024-12-26
ITM11631,Apparel,421,69,36.37,0.82,L65,C,96,25.28,2024-04-11
ITM11632,Apparel,277,44,44.31,0.41,L29,B,176,121.76,2024-05-20
ITM11633,Apparel,283,95,31.17,0.33,L79,A,129,13.25,2024-07-07
ITM11634,Apparel,350,36,7.39,0.3,L6,C,152,115.98,2024-08-25
ITM11635,Apparel,201,92,6.63,0.28,L94,B,88,76.54,2024-09-15
ITM11636,Apparel,400,85,3.35,0.76,L85,A,165,132.23,2024-07-22
ITM11637,Pharma,275,29,28.79,0.9,L67,A,45,112.9,2024-11-21
ITM11638,Electronics,57,74,12.9,0.31,L39,A,63,59.66,2024-03-04
ITM11639,Groceries,195,94,36.98,0.18,L59,B,154,40.85,2024-12-14
ITM11640,Automotive,46,58,34.63,0.38,L83,C,109,86.9,2024-01-16
ITM11641,Groceries,295,10,16.59,0.69,L4,A,95,197.5,2024-05-03
ITM11642,Groceries,159,19,9.66,0.43,L8,B,31,92.78,2024-07-09
ITM11643,Electronics,318,56,6.02,0.59,L62,A,84,152.27,2024-09-07
ITM11644,Electronics,464,68,37.13,0.77,L52,D,45,20.82,2024-10-31
ITM11645,Electronics,306,71,23.07,0.47,L55,D,38,81.98,2024-08-16
ITM11646,Apparel,110,95,16.85,1.0,L88,B,179,120.26,2024-03-31
ITM11647,Pharma,499,27,42.98,0.37,L14,C,169,152.73,2024-08-30
ITM11648,Apparel,80,55,30.09,0.98,L63,C,151,110.39,2024-10-27
ITM11649,Pharma,477,41,26.38,0.28,L92,A,27,107.91,2024-10-09
ITM11650,Pharma,470,36,37.43,0.2,L57,C,47,155.14,2024-06-28
ITM11651,Groceries,384,27,40.96,0.78,L10,C,110,69.52,2024-06-25
ITM11652,Groceries,366,48,34.62,0.73,L11,D,43,27.22,2024-03-24
ITM11653,Pharma,182,58,22.56,0.83,L42,B,130,75.96,2024-05-12
ITM11654,Pharma,370,91,19.59,0.41,L78,D,96,40.21,2024-12-18
ITM11655,Apparel,162,53,38.81,0.94,L19,B,169,193.53,2024-02-16
ITM11656,Apparel,419,81,26.38,0.21,L9,A,119,119.73,2024-05-25
ITM11657,Groceries,272,63,35.51,0.13,L17,D,76,94.85,2024-01-15
ITM11658,Electronics,288,43,44.63,0.37,L36,B,52,183.29,2024-07-16
ITM11659,Pharma,388,80,45.88,0.82,L80,C,132,181.07,2024-01-26
ITM11660,Apparel,310,45,14.61,0.71,L82,B,31,88.98,2024-03-24
ITM11661,Groceries,478,27,10.21,0.49,L75,C,96,176.2,2024-10-19
ITM11662,Apparel,206,47,13.8,0.33,L71,A,86,22.16,2024-04-19
ITM11663,Pharma,424,68,37.82,0.15,L92,C,134,178.29,2024-04-23
ITM11664,Pharma,457,18,19.13,0.4,L42,B,105,69.01,2024-11-27
ITM11665,Automotive,478,82,9.5,0.51,L49,D,131,117.37,2024-04-25
ITM11666,Electronics,433,81,5.82,0.72,L77,B,166,61.24,2024-12-12
ITM11667,Automotive,323,60,17.04,0.68,L68,D,49,197.11,2024-04-15
ITM11668,Groceries,310,44,7.67,0.95,L38,B,113,23.64,2024-05-17
ITM11669,Apparel,105,91,8.66,0.19,L59,B,128,94.92,2024-11-29
ITM11670,Groceries,185,14,34.51,0.4,L65,A,147,127.99,2024-07-28
ITM11671,Pharma,434,23,1.97,0.53,L78,C,129,126.97,2024-09-19
ITM11672,Automotive,481,39,6.76,0.7,L56,B,26,150.36,2024-01-11
ITM11673,Automotive,427,13,42.37,0.55,L13,D,111,147.64,2024-12-15
ITM11674,Automotive,133,48,42.4,0.92,L90,C,139,160.7,2024-01-05
ITM11675,Groceries,452,93,17.13,0.65,L15,A,154,54.51,2024-08-30
ITM11676,Pharma,499,73,5.31,0.14,L84,C,117,80.4,2024-03-08
ITM11677,Apparel,375,34,35.54,0.2,L84,B,99,82.59,2024-11-27
ITM11678,Apparel,435,37,18.65,0.78,L99,D,128,191.61,2024-03-29
ITM11679,Groceries,202,85,3.23,0.74,L71,D,175,87.77,2024-11-03
ITM11680,Automotive,226,75,8.73,0.24,L93,C,174,52.16,2024-01-05
ITM11681,Electronics,275,87,7.72,0.15,L28,D,72,130.15,2024-04-24
ITM11682,Groceries,254,31,29.87,0.62,L56,B,14,91.18,2024-05-09
ITM11683,Groceries,461,40,45.01,0.67,L58,D,34,57.52,2024-11-07
ITM11684,Pharma,374,32,39.86,0.22,L30,D,82,145.88,2024-06-05
ITM11685,Apparel,22,57,27.78,0.53,L53,D,133,46.47,2024-12-30
ITM11686,Groceries,227,29,21.69,0.38,L44,B,31,130.34,2024-12-29
ITM11687,Groceries,216,47,31.32,0.94,L59,A,102,91.8,2024-11-25
ITM11688,Automotive,360,64,22.75,0.3,L52,D,44,70.64,2024-05-20
ITM11689,Automotive,144,77,13.06,0.76,L54,A,64,189.74,2024-08-04
ITM11690,Electronics,157,88,34.28,0.57,L94,C,137,71.64,2024-07-11
ITM11691,Pharma,358,97,43.79,0.11,L13,C,29,76.03,2024-06-27
ITM11692,Electronics,44,98,19.27,0.57,L41,B,14,175.42,2024-08-23
ITM11693,Automotive,87,10,42.24,0.19,L55,B,176,34.52,2024-05-09
ITM11694,Apparel,80,16,22.12,0.69,L41,B,72,30.53,2024-04-21
ITM11695,Automotive,48,66,20.67,0.61,L86,B,41,63.71,2024-08-26
ITM11696,Pharma,402,21,2.39,0.11,L33,A,83,122.41,2024-06-03
ITM11697,Automotive,38,14,35.07,0.28,L48,B,177,83.02,2024-12-12
ITM11698,Pharma,190,59,40.57,0.8,L20,A,154,125.63,2024-09-23
ITM11699,Pharma,469,51,33.51,0.35,L88,D,110,40.35,2024-11-15
ITM11700,Pharma,93,21,8.42,0.55,L61,D,88,59.68,2024-07-22
ITM11701,Pharma,80,27,6.06,0.38,L9,C,169,117.38,2024-10-26
ITM11702,Pharma,446,75,29.07,0.93,L12,C,32,51.26,2024-02-22
ITM11703,Apparel,172,83,20.67,0.58,L11,A,65,90.33,2024-01-04
ITM11704,Electronics,295,88,22.03,0.73,L12,B,146,118.8,2024-09-18
ITM11705,Groceries,67,26,48.42,0.18,L56,C,115,194.99,2024-12-05
ITM11706,Electronics,230,77,36.47,0.14,L13,A,78,25.18,2024-07-10
ITM11707,Pharma,362,80,21.18,0.33,L96,C,31,97.48,2024-10-14
ITM11708,Apparel,427,71,1.94,0.38,L95,B,41,85.29,2024-11-27
ITM11709,Automotive,158,50,2.67,0.72,L48,A,11,166.61,2024-10-31
ITM11710,Apparel,129,43,34.56,0.61,L17,C,132,181.06,2024-11-07
ITM11711,Pharma,202,79,42.05,0.44,L72,B,94,182.33,2024-05-24
ITM11712,Apparel,47,54,35.68,0.69,L8,A,23,81.28,2024-06-01
ITM11713,Apparel,216,67,20.89,0.25,L76,A,46,67.88,2024-12-16
ITM11714,Pharma,210,60,2.53,0.16,L72,A,36,95.34,2024-02-25
ITM11715,Apparel,334,43,48.4,0.87,L72,D,161,75.36,2024-09-03
ITM11716,Groceries,408,53,49.33,0.61,L43,A,73,146.58,2024-02-02
ITM11717,Groceries,70,24,27.92,0.68,L86,C,79,50.58,2024-06-21
ITM11718,Apparel,168,87,4.46,0.38,L16,A,163,135.15,2024-05-21
ITM11719,Automotive,287,79,27.51,0.43,L53,A,24,186.13,2024-11-23
ITM11720,Pharma,69,59,44.72,0.17,L46,A,38,63.18,2024-06-15
ITM11721,Groceries,407,41,34.32,0.87,L86,A,83,138.61,2024-05-21
ITM11722,Automotive,265,76,36.28,0.63,L97,A,37,37.28,2024-05-13
ITM11723,Apparel,132,12,5.16,0.18,L55,D,68,33.06,2024-12-01
ITM11724,Automotive,189,95,6.22,0.82,L93,B,82,31.97,2024-12-30
ITM11725,Electronics,487,95,7.24,0.5,L7,D,158,36.32,2024-11-29
ITM11726,Groceries,185,83,45.31,0.79,L37,C,19,51.07,2024-06-01
ITM11727,Apparel,428,60,26.77,0.11,L77,B,141,116.94,2024-04-06
ITM11728,Pharma,33,76,39.79,0.13,L40,C,71,155.73,2024-03-17
ITM11729,Apparel,222,85,6.65,0.25,L46,A,141,34.1,2024-09-21
ITM11730,Pharma,307,57,46.45,0.29,L14,C,136,175.3,2024-05-03
ITM11731,Apparel,414,26,41.24,0.79,L74,D,15,170.12,2024-01-30
ITM11732,Automotive,208,16,12.01,0.74,L65,D,89,148.2,2024-11-03
ITM11733,Automotive,421,22,43.83,0.65,L28,A,81,90.93,2024-07-25
ITM11734,Automotive,174,75,13.91,0.9,L20,A,25,10.3,2024-12-04
ITM11735,Electronics,74,13,11.06,0.32,L85,B,47,149.61,2024-06-12
ITM11736,Pharma,201,19,13.95,0.91,L62,D,74,177.01,2024-12-14
ITM11737,Automotive,229,97,45.59,0.92,L29,D,135,73.7,2024-03-12
ITM11738,Electronics,395,26,45.86,0.49,L14,B,92,146.42,2024-01-14
ITM11739,Pharma,490,61,17.12,0.18,L45,D,26,21.79,2024-12-01
ITM11740,Apparel,94,15,35.57,0.75,L72,B,122,144.8,2024-09-11
ITM11741,Electronics,296,92,34.11,0.4,L48,D,165,22.98,2024-05-31
ITM11742,Groceries,447,78,40.52,0.82,L15,C,149,121.57,2024-05-12
ITM11743,Electronics,152,83,15.53,0.25,L98,C,79,123.54,2024-08-02
ITM11744,Electronics,362,18,26.0,0.59,L36,B,80,67.41,2024-07-26
ITM11745,Pharma,444,86,33.72,0.56,L74,B,140,25.03,2024-07-17
ITM11746,Apparel,78,92,2.29,0.19,L29,A,58,190.37,2024-01-19
ITM11747,Groceries,364,30,19.46,0.43,L55,D,30,111.76,2024-10-25
ITM11748,Automotive,201,33,35.1,0.18,L72,C,145,120.15,2024-12-28
ITM11749,Automotive,477,13,13.38,0.52,L99,A,73,126.85,2024-10-19
ITM11750,Electronics,425,33,47.93,0.86,L80,D,167,179.3,2024-04-07
ITM11751,Pharma,358,68,2.48,0.34,L79,C,41,21.45,2024-06-24
ITM11752,Pharma,340,12,47.95,0.79,L87,D,29,179.72,2024-04-23
ITM11753,Automotive,83,77,11.62,0.27,L83,B,25,55.54,2024-12-17
ITM11754,Groceries,346,49,3.39,0.71,L72,C,162,24.81,2024-09-30
ITM11755,Apparel,279,57,15.33,0.92,L4,C,69,134.88,2024-11-22
ITM11756,Groceries,212,63,39.53,0.39,L78,A,146,195.63,2024-08-31
ITM11757,Apparel,162,44,37.87,0.91,L85,D,112,20.88,2024-12-09
ITM11758,Automotive,123,65,11.23,0.55,L89,B,70,90.96,2024-07-02
ITM11759,Apparel,479,98,10.64,0.39,L35,B,177,110.66,2024-09-16
ITM11760,Pharma,425,49,32.49,0.91,L4,D,113,57.9,2024-06-02
ITM11761,Electronics,233,86,23.45,0.13,L24,D,70,196.75,2024-03-28
ITM11762,Electronics,261,77,39.82,0.13,L35,B,85,131.78,2024-12-02
ITM11763,Automotive,450,55,2.18,0.64,L90,D,24,170.43,2024-10-12
ITM11764,Pharma,228,87,30.91,0.82,L98,A,141,89.0,2024-04-02
ITM11765,Groceries,112,22,36.8,0.78,L40,D,160,77.25,2024-05-30
ITM11766,Pharma,449,36,49.68,0.17,L44,A,164,115.1,2024-02-19
ITM11767,Electronics,161,15,34.26,0.96,L45,A,112,92.7,2024-08-29
ITM11768,Electronics,453,26,12.36,0.73,L1,D,174,145.84,2024-03-06
ITM11769,Pharma,423,45,6.3,0.95,L24,C,174,60.51,2024-05-12
ITM11770,Pharma,453,90,32.4,0.4,L19,C,166,95.42,2024-10-13
ITM11771,Electronics,131,11,26.64,0.72,L73,A,166,180.08,2024-04-03
ITM11772,Groceries,436,86,45.06,0.87,L85,D,84,153.66,2024-12-14
ITM11773,Automotive,394,61,36.6,0.44,L52,A,37,41.93,2024-06-20
ITM11774,Automotive,78,75,25.98,0.97,L9,D,83,178.5,2024-12-01
ITM11775,Pharma,62,61,20.78,0.34,L19,D,142,121.91,2024-02-15
ITM11776,Automotive,226,52,20.81,0.38,L95,B,134,139.06,2024-04-23
ITM11777,Electronics,287,99,12.09,0.93,L82,C,65,65.91,2024-06-30
ITM11778,Electronics,315,31,1.85,0.97,L4,C,73,93.89,2024-04-24
ITM11779,Pharma,137,64,29.17,0.36,L12,B,136,163.29,2024-06-06
ITM11780,Pharma,39,76,11.41,0.22,L96,B,130,72.83,2024-08-03
ITM11781,Pharma,241,69,11.21,0.78,L68,B,98,41.36,2024-06-18
ITM11782,Groceries,185,67,7.14,0.94,L28,A,26,81.88,2024-07-09
ITM11783,Automotive,150,21,10.29,0.64,L49,A,106,23.15,2024-05-13
ITM11784,Pharma,175,97,2.56,0.67,L54,A,64,146.39,2024-10-26
ITM11785,Apparel,203,78,34.04,0.79,L59,A,146,38.07,2024-05-30
ITM11786,Apparel,109,93,20.67,0.24,L44,A,119,64.17,2024-08-25
ITM11787,Electronics,113,48,28.51,0.98,L21,C,25,177.41,2024-03-01
ITM11788,Automotive,32,22,32.21,0.43,L48,C,153,112.69,2024-08-28
ITM11789,Pharma,480,50,48.65,0.67,L40,D,22,71.05,2024-01-28
ITM11790,Apparel,341,66,4.35,0.52,L93,C,87,114.06,2024-11-20
ITM11791,Automotive,312,62,21.48,0.52,L42,B,94,51.47,2024-10-25
ITM11792,Electronics,452,21,13.05,0.73,L100,C,82,14.78,2024-10-24
ITM11793,Groceries,249,22,24.36,1.0,L73,B,128,124.71,2024-11-13
ITM11794,Automotive,341,83,46.1,0.69,L77,C,178,145.68,2024-02-06
ITM11795,Automotive,311,66,36.48,0.81,L11,A,77,177.16,2024-08-29
ITM11796,Groceries,457,49,33.44,0.12,L7,C,83,156.66,2024-04-09
ITM11797,Automotive,45,89,22.62,0.83,L20,D,108,186.07,2024-09-13
ITM11798,Electronics,94,54,33.88,0.37,L21,A,126,197.33,2024-03-02
ITM11799,Electronics,475,44,2.59,0.21,L97,A,146,151.54,2024-12-14
ITM11800,Groceries,383,12,29.73,0.2,L80,D,155,174.91,2024-07-14
ITM11801,Pharma,443,14,28.14,0.71,L7,C,147,138.01,2024-09-28
ITM11802,Apparel,318,99,17.99,1.0,L87,C,124,42.48,2024-06-01
ITM11803,Pharma,169,20,10.87,0.7,L11,D,63,44.52,2024-07-30
ITM11804,Automotive,167,80,40.57,0.34,L35,A,88,30.95,2024-01-28
ITM11805,Apparel,27,65,3.64,0.28,L57,D,24,189.17,2024-03-18
ITM11806,Groceries,48,19,4.41,0.57,L85,B,148,137.82,2024-03-11
ITM11807,Groceries,315,43,22.59,0.16,L55,B,177,160.08,2024-04-12
ITM11808,Apparel,493,76,13.38,0.46,L63,C,127,72.92,2024-06-24
ITM11809,Electronics,433,81,37.53,0.7,L78,A,121,97.48,2024-07-28
ITM11810,Apparel,228,40,32.08,0.97,L57,B,115,17.56,2024-10-18
ITM11811,Automotive,147,84,38.85,0.48,L54,D,114,178.91,2024-08-22
ITM11812,Electronics,359,80,16.91,0.28,L35,C,56,172.07,2024-03-14
ITM11813,Groceries,135,75,37.29,0.84,L28,C,127,159.11,2024-06-10
ITM11814,Apparel,458,79,43.25,0.77,L97,A,135,21.08,2024-04-02
ITM11815,Pharma,163,50,17.92,0.87,L66,B,157,43.11,2024-02-11
ITM11816,Pharma,449,72,17.65,0.29,L15,C,107,73.49,2024-09-06
ITM11817,Automotive,337,41,45.1,0.46,L45,D,159,59.98,2024-06-19
ITM11818,Pharma,254,29,3.44,0.98,L56,B,57,169.31,2024-11-19
ITM11819,Apparel,26,66,18.16,0.24,L15,C,91,47.02,2024-03-31
ITM11820,Apparel,483,59,6.81,0.7,L37,C,25,111.1,2024-06-09
ITM11821,Pharma,64,89,2.42,0.31,L87,B,142,118.56,2024-11-20
ITM11822,Apparel,462,34,6.53,0.55,L87,B,83,90.75,2024-01-30
ITM11823,Automotive,258,21,22.13,0.82,L76,A,30,55.73,2024-01-03
ITM11824,Electronics,459,80,34.66,0.54,L63,D,70,192.46,2024-08-19
ITM11825,Automotive,451,48,15.17,0.82,L68,A,33,88.55,2024-05-20
ITM11826,Automotive,174,26,42.63,0.48,L86,A,32,148.19,2024-04-17
ITM11827,Apparel,200,54,22.44,1.0,L40,D,96,44.97,2024-03-27
ITM11828,Electronics,234,20,48.44,0.49,L6,D,148,166.33,2024-10-22
ITM11829,Apparel,107,79,47.75,0.23,L29,A,11,51.02,2024-03-22
ITM11830,Groceries,275,32,38.89,0.46,L51,B,62,138.31,2024-09-07
ITM11831,Apparel,92,79,46.69,0.77,L77,D,148,106.23,2024-02-15
ITM11832,Apparel,438,47,35.65,0.86,L8,A,24,37.85,2024-03-07
ITM11833,Apparel,198,11,44.88,0.51,L1,B,149,14.74,2024-11-10
ITM11834,Electronics,231,95,12.59,0.64,L27,C,131,186.84,2024-08-10
ITM11835,Apparel,312,93,17.93,0.86,L39,B,132,33.88,2024-11-20
ITM11836,Electronics,253,98,37.89,0.83,L28,A,173,143.94,2024-08-07
ITM11837,Pharma,484,88,21.8,0.69,L99,D,101,134.01,2024-07-25
ITM11838,Groceries,258,81,42.03,0.83,L18,B,32,74.93,2024-08-07
ITM11839,Electronics,242,46,44.0,0.62,L98,B,164,45.22,2024-09-01
ITM11840,Pharma,138,58,15.69,0.1,L33,B,97,43.88,2024-07-15
ITM11841,Electronics,332,61,41.35,0.14,L38,D,151,121.21,2024-01-03
ITM11842,Electronics,283,42,8.56,0.98,L42,D,108,113.92,2024-01-20
ITM11843,Groceries,226,31,17.38,0.23,L16,B,36,176.43,2024-09-30
ITM11844,Automotive,114,14,26.38,0.46,L1,B,30,131.6,2024-04-12
ITM11845,Automotive,392,27,12.1,0.94,L64,A,58,165.66,2024-07-10
ITM11846,Electronics,241,47,29.38,0.28,L96,D,53,16.16,2024-01-08
ITM11847,Apparel,385,46,29.36,0.86,L56,B,53,137.49,2024-06-13
ITM11848,Pharma,295,73,11.14,0.84,L23,D,137,54.4,2024-09-28
ITM11849,Apparel,399,19,39.99,0.99,L17,D,179,58.04,2024-04-07
ITM11850,Apparel,250,88,31.95,0.35,L49,D,32,146.91,2024-01-10
ITM11851,Electronics,328,51,16.57,0.38,L69,A,138,160.75,2024-12-12
ITM11852,Electronics,138,57,12.38,0.91,L91,C,134,80.63,2024-01-03
ITM11853,Electronics,287,53,44.06,0.31,L30,D,45,160.11,2024-11-16
ITM11854,Electronics,452,91,41.95,0.59,L65,D,64,94.31,2024-05-07
ITM11855,Automotive,292,96,12.26,0.74,L72,B,119,172.95,2024-04-25
ITM11856,Electronics,83,25,2.74,0.34,L86,D,25,14.73,2024-12-21
ITM11857,Automotive,317,63,40.42,0.94,L46,C,98,25.86,2024-06-25
ITM11858,Automotive,369,44,31.16,0.7,L10,D,27,157.51,2024-06-08
ITM11859,Electronics,432,37,5.94,0.14,L51,A,47,128.58,2024-03-07
ITM11860,Groceries,422,11,29.78,0.22,L95,B,29,116.21,2024-02-22
ITM11861,Pharma,30,22,23.16,0.27,L6,C,28,126.66,2024-07-15
ITM11862,Apparel,117,50,38.95,0.32,L56,A,22,186.74,2024-09-14
ITM11863,Automotive,453,89,11.25,0.76,L3,C,26,134.55,2024-10-28
ITM11864,Pharma,90,68,23.2,0.18,L59,B,39,133.02,2024-06-05
ITM11865,Groceries,383,78,8.66,0.42,L10,D,52,154.3,2024-03-26
ITM11866,Apparel,77,62,47.92,0.92,L41,B,57,174.66,2024-02-03
ITM11867,Apparel,309,54,39.16,0.6,L74,B,52,59.76,2024-01-24
ITM11868,Automotive,270,29,37.1,0.34,L55,D,102,127.18,2024-06-01
ITM11869,Electronics,295,33,34.82,0.96,L74,A,123,120.96,2024-05-28
ITM11870,Groceries,69,70,21.74,0.32,L52,C,75,35.62,2024-08-21
ITM11871,Automotive,377,67,46.24,0.91,L91,A,128,108.86,2024-09-23
ITM11872,Groceries,235,36,4.57,0.75,L82,D,62,23.21,2024-11-01
ITM11873,Electronics,413,35,40.36,0.77,L54,C,81,45.14,2024-09-25
ITM11874,Electronics,435,16,11.55,0.79,L38,D,87,183.46,2024-06-21
ITM11875,Automotive,71,51,16.88,0.56,L15,A,171,32.66,2024-08-10
ITM11876,Electronics,290,56,26.45,0.83,L52,B,83,119.99,2024-12-17
ITM11877,Pharma,103,62,39.35,0.85,L3,C,81,71.46,2024-03-09
ITM11878,Apparel,406,68,42.09,0.42,L42,D,22,115.51,2024-06-24
ITM11879,Automotive,312,47,29.6,0.46,L22,C,68,54.64,2024-09-07
ITM11880,Groceries,145,78,20.75,0.9,L80,C,41,94.43,2024-07-02
ITM11881,Pharma,315,96,47.38,0.57,L59,A,92,174.79,2024-04-06
ITM11882,Automotive,91,62,13.08,0.88,L89,B,129,81.48,2024-03-25
ITM11883,Electronics,315,24,40.35,0.66,L47,C,63,77.08,2024-07-25
ITM11884,Electronics,255,35,30.99,0.63,L12,A,11,94.76,2024-01-10
ITM11885,Electronics,75,57,19.47,0.13,L56,C,127,29.09,2024-04-26
ITM11886,Electronics,426,28,1.07,0.35,L14,B,46,83.6,2024-04-24
ITM11887,Groceries,379,18,22.88,0.55,L32,C,106,11.31,2024-03-08
ITM11888,Pharma,414,73,14.56,0.63,L56,B,112,105.65,2024-04-18
ITM11889,Apparel,129,63,6.11,0.67,L76,A,123,171.11,2024-01-12
ITM11890,Groceries,211,60,4.68,0.74,L52,A,170,114.89,2024-10-28
ITM11891,Groceries,411,48,18.03,0.69,L68,B,10,125.47,2024-09-15
ITM11892,Apparel,112,13,31.12,0.86,L11,B,137,15.81,2024-03-27
ITM11893,Apparel,369,12,42.04,0.37,L51,A,112,173.31,2024-03-04
ITM11894,Electronics,75,73,9.99,0.68,L40,B,165,83.15,2024-07-06
ITM11895,Groceries,79,38,21.81,0.15,L96,B,154,195.22,2024-12-30
ITM11896,Automotive,157,20,20.21,0.53,L44,D,66,32.89,2024-11-29
ITM11897,Apparel,58,67,26.16,0.34,L29,C,79,189.49,2024-01-20
ITM11898,Apparel,47,84,40.67,0.44,L43,A,53,130.52,2024-07-11
ITM11899,Pharma,68,36,28.13,0.42,L100,A,150,19.94,2024-11-23
ITM11900,Automotive,439,30,42.49,0.15,L22,D,85,194.62,2024-05-10
ITM11901,Automotive,144,48,26.41,0.52,L10,B,167,12.64,2024-09-30
ITM11902,Apparel,32,55,30.59,1.0,L66,B,94,148.83,2024-11-15
ITM11903,Electronics,499,75,22.43,0.37,L82,B,75,179.01,2024-01-25
ITM11904,Pharma,55,45,41.33,0.76,L15,A,62,43.4,2024-10-31
ITM11905,Automotive,120,84,46.27,0.59,L68,D,27,75.24,2024-01-25
ITM11906,Apparel,301,91,32.32,0.39,L66,C,37,116.63,2024-12-04
ITM11907,Automotive,105,74,41.22,0.18,L25,D,141,139.16,2024-02-25
ITM11908,Pharma,23,72,3.89,0.29,L100,A,51,175.66,2024-11-30
ITM11909,Pharma,242,44,45.4,0.8,L45,C,135,154.6,2024-01-11
ITM11910,Groceries,357,40,10.26,0.35,L45,B,126,79.03,2024-01-25
ITM11911,Apparel,467,37,13.57,0.23,L94,D,143,166.13,2024-12-19
ITM11912,Pharma,185,10,3.61,0.4,L83,D,111,193.55,2024-02-29
ITM11913,Groceries,402,34,48.3,0.63,L19,A,146,53.13,2024-08-01
ITM11914,Groceries,363,52,42.75,0.73,L31,D,157,24.08,2024-08-15
ITM11915,Automotive,402,93,45.75,0.45,L14,C,47,91.06,2024-07-13
ITM11916,Automotive,395,76,42.51,0.55,L19,D,59,177.47,2024-03-04
ITM11917,Groceries,490,72,24.5,0.51,L33,A,69,38.56,2024-10-07
ITM11918,Automotive,297,60,46.28,0.11,L26,D,150,178.3,2024-05-09
ITM11919,Pharma,149,11,48.5,0.46,L23,C,128,198.52,2024-08-30
ITM11920,Electronics,50,91,25.63,0.63,L78,C,108,20.26,2024-12-25
ITM11921,Pharma,394,73,9.61,0.61,L20,A,103,104.1,2024-03-19
ITM11922,Groceries,30,83,33.27,0.77,L98,B,179,72.49,2024-04-15
ITM11923,Groceries,495,78,48.8,0.7,L98,A,77,84.8,2024-12-21
ITM11924,Pharma,321,18,43.74,0.35,L84,B,162,95.81,2024-12-17
ITM11925,Automotive,115,11,43.23,0.33,L10,C,168,150.54,2024-11-18
ITM11926,Automotive,209,43,46.76,0.52,L23,D,149,122.35,2024-01-05
ITM11927,Groceries,472,69,44.8,0.76,L99,D,73,192.63,2024-06-03
ITM11928,Apparel,211,70,39.04,0.18,L81,C,88,73.23,2024-08-03
ITM11929,Automotive,285,40,36.2,0.95,L64,A,62,112.89,2024-12-04
ITM11930,Pharma,443,19,13.97,0.59,L60,D,35,164.53,2024-02-21
ITM11931,Automotive,147,85,31.45,0.38,L97,A,147,80.88,2024-12-05
ITM11932,Pharma,257,45,26.55,0.72,L73,D,149,98.41,2024-09-23
ITM11933,Groceries,427,94,43.24,0.14,L98,B,159,140.15,2024-05-18
ITM11934,Automotive,374,58,25.09,0.54,L75,D,30,173.54,2024-11-14
ITM11935,Pharma,447,79,7.26,0.54,L58,B,172,88.98,2024-11-06
ITM11936,Groceries,131,58,1.24,0.25,L88,D,80,111.07,2024-12-24
ITM11937,Apparel,335,12,34.22,0.85,L73,D,91,195.27,2024-03-11
ITM11938,Pharma,465,83,27.95,0.82,L83,D,164,18.07,2024-08-02
ITM11939,Apparel,362,14,17.22,0.24,L82,D,69,95.16,2024-02-23
ITM11940,Apparel,164,99,9.28,0.43,L80,D,108,130.84,2024-09-18
ITM11941,Electronics,84,70,23.87,0.19,L42,A,56,11.6,2024-11-12
ITM11942,Automotive,266,94,5.91,0.86,L81,B,152,123.39,2024-03-01
ITM11943,Pharma,242,99,17.47,0.39,L41,B,33,20.68,2024-05-24
ITM11944,Apparel,498,35,19.58,0.5,L20,D,19,172.94,2024-02-28
ITM11945,Electronics,332,81,23.82,0.39,L57,A,129,163.35,2024-02-24
ITM11946,Groceries,458,14,23.86,0.38,L9,A,161,16.13,2024-09-11
ITM11947,Pharma,125,24,13.59,0.77,L61,C,97,19.27,2024-04-11
ITM11948,Apparel,200,25,42.66,0.77,L57,C,113,153.19,2024-11-07
ITM11949,Automotive,203,10,18.42,0.57,L81,A,133,80.21,2024-04-12
ITM11950,Electronics,245,25,12.25,0.69,L39,C,43,119.25,2024-05-14
ITM11951,Apparel,284,46,9.61,0.56,L36,B,50,61.36,2024-09-24
ITM11952,Automotive,297,12,16.81,0.13,L76,A,177,42.86,2024-04-13
ITM11953,Apparel,416,61,4.31,0.16,L8,C,20,66.25,2024-07-02
ITM11954,Pharma,108,56,2.61,0.45,L46,A,10,56.88,2024-12-26
ITM11955,Pharma,195,22,30.65,0.77,L65,C,167,95.18,2024-07-28
ITM11956,Pharma,37,89,31.34,0.92,L10,A,91,151.87,2024-05-31
ITM11957,Electronics,390,64,26.95,0.13,L40,D,35,115.28,2024-03-23
ITM11958,Pharma,479,30,38.35,0.43,L60,B,62,125.74,2024-01-21
ITM11959,Automotive,443,75,2.92,0.3,L58,C,134,99.31,2024-10-07
ITM11960,Apparel,420,63,46.86,0.83,L5,D,18,71.7,2024-09-11
ITM11961,Groceries,418,36,5.66,0.86,L8,A,18,37.27,2024-04-16
ITM11962,Automotive,125,47,34.03,0.29,L48,D,138,77.37,2024-12-18
ITM11963,Automotive,290,99,7.54,0.74,L37,B,68,136.39,2024-09-03
ITM11964,Pharma,482,67,44.12,0.76,L10,C,115,149.42,2024-06-18
ITM11965,Electronics,338,71,26.02,0.26,L83,C,134,99.14,2024-04-30
ITM11966,Apparel,186,55,5.03,0.49,L12,A,25,132.55,2024-01-02
ITM11967,Electronics,32,98,31.22,0.66,L79,B,47,50.0,2024-01-07
ITM11968,Apparel,356,20,1.45,0.12,L77,D,148,173.41,2024-12-09
ITM11969,Apparel,51,81,39.03,0.46,L65,A,162,174.53,2024-02-15
ITM11970,Electronics,412,17,32.88,0.24,L50,C,68,70.86,2024-02-26
ITM11971,Automotive,59,80,11.42,0.59,L60,D,38,114.07,2024-10-20
ITM11972,Apparel,167,73,19.36,0.86,L75,A,177,125.27,2024-12-08
ITM11973,Electronics,237,30,1.38,0.57,L71,D,17,99.76,2024-09-09
ITM11974,Apparel,238,81,34.99,0.13,L95,D,107,183.12,2024-03-17
ITM11975,Groceries,488,72,16.81,0.13,L6,A,143,150.55,2024-02-16
ITM11976,Automotive,101,94,29.01,0.64,L58,D,118,137.78,2024-09-18
ITM11977,Pharma,352,73,47.88,0.4,L74,D,117,108.82,2024-02-08
ITM11978,Apparel,227,29,15.67,0.62,L84,B,158,26.12,2024-02-21
ITM11979,Groceries,220,17,49.52,0.25,L25,B,66,30.49,2024-05-11
ITM11980,Pharma,466,67,32.0,0.8,L42,C,85,66.81,2024-11-25
ITM11981,Pharma,351,55,12.86,0.87,L78,B,122,50.19,2024-04-28
ITM11982,Apparel,447,40,22.4,0.9,L61,A,15,190.98,2024-08-21
ITM11983,Electronics,57,18,37.28,0.37,L65,D,133,87.86,2024-05-31
ITM11984,Apparel,230,24,22.88,0.69,L20,C,143,176.56,2024-05-15
ITM11985,Groceries,463,35,4.36,0.35,L8,B,62,165.44,2024-08-25
ITM11986,Pharma,346,19,9.26,0.79,L58,D,141,164.39,2024-01-26
ITM11987,Apparel,268,38,39.77,0.21,L14,A,18,50.98,2024-02-21
ITM11988,Electronics,246,89,32.77,0.79,L44,D,78,94.99,2024-03-30
ITM11989,Apparel,67,45,28.92,0.5,L92,A,83,70.41,2024-01-21
ITM11990,Automotive,37,93,9.21,0.87,L11,D,120,194.38,2024-05-28
ITM11991,Electronics,419,46,42.05,0.77,L65,C,96,176.58,2024-07-03
ITM11992,Groceries,458,95,48.08,0.44,L83,C,13,57.49,2024-12-12
ITM11993,Pharma,314,80,3.0,0.91,L23,B,46,69.57,2024-06-09
ITM11994,Apparel,215,32,4.82,0.36,L6,B,80,110.49,2024-08-06
ITM11995,Electronics,206,50,44.35,0.97,L32,D,15,62.94,2024-02-29
ITM11996,Automotive,364,89,40.96,0.79,L91,D,60,166.66,2024-02-18
ITM11997,Electronics,243,37,31.28,0.99,L57,B,108,165.65,2024-01-24
ITM11998,Automotive,337,57,47.3,0.15,L57,B,105,147.62,2024-01-05
ITM11999,Groceries,416,47,32.68,0.35,L68,D,151,140.97,2024-03-11
ITM12000,Pharma,384,40,11.58,0.77,L67,D,20,113.99,2024-12-05
ITM12001,Groceries,356,23,36.7,0.93,L79,D,19,75.95,2024-11-27
ITM12002,Apparel,248,82,32.64,0.13,L21,C,22,169.02,2024-03-28
ITM12003,Electronics,409,97,49.3,0.1,L47,A,130,173.18,2024-06-17
ITM12004,Automotive,486,86,11.48,0.33,L48,A,171,19.41,2024-07-02
ITM12005,Automotive,96,99,30.3,0.87,L37,B,69,85.74,2024-08-12
ITM12006,Electronics,207,38,39.23,0.79,L50,C,14,15.06,2024-11-14
ITM12007,Electronics,365,60,17.61,0.41,L53,D,169,169.5,2024-05-17
ITM12008,Apparel,289,58,19.6,0.1,L100,D,21,43.65,2024-02-17
ITM12009,Groceries,114,52,44.51,0.6,L44,B,150,138.03,2024-07-09
ITM12010,Automotive,329,81,20.81,0.31,L87,B,94,77.9,2024-06-24
ITM12011,Apparel,151,96,31.61,0.77,L77,C,126,165.05,2024-04-03
ITM12012,Groceries,58,14,44.57,0.5,L7,A,131,106.84,2024-02-28
ITM12013,Apparel,91,51,11.28,0.71,L81,A,50,71.64,2024-07-24
ITM12014,Automotive,300,16,49.11,0.87,L83,D,57,71.54,2024-07-23
ITM12015,Electronics,352,51,35.4,0.58,L43,B,60,72.12,2024-08-21
ITM12016,Electronics,179,45,25.31,0.4,L9,C,127,159.83,2024-05-19
ITM12017,Groceries,206,36,22.12,0.79,L43,D,105,145.11,2024-07-16
ITM12018,Pharma,210,67,47.76,0.34,L13,A,85,70.65,2024-12-19
ITM12019,Groceries,441,55,11.08,0.9,L72,A,55,103.14,2024-09-01
ITM12020,Pharma,139,75,16.27,0.16,L87,C,109,24.47,2024-08-03
ITM12021,Apparel,239,34,16.08,0.85,L50,D,47,167.23,2024-11-28
ITM12022,Apparel,72,82,15.16,0.18,L37,C,101,60.53,2024-03-26
ITM12023,Automotive,241,36,23.96,0.15,L33,D,150,178.95,2024-02-27
ITM12024,Pharma,470,10,49.47,0.43,L93,A,159,123.39,2024-03-08
ITM12025,Automotive,431,96,44.55,0.96,L85,B,139,117.89,2024-12-22
ITM12026,Electronics,150,83,17.07,0.99,L78,B,102,40.92,2024-01-31
ITM12027,Pharma,256,51,21.72,0.28,L20,A,86,23.21,2024-03-22
ITM12028,Groceries,265,61,33.8,0.23,L43,B,22,115.0,2024-02-23
ITM12029,Electronics,245,34,1.84,0.42,L11,B,66,98.92,2024-08-01
ITM12030,Electronics,227,63,41.19,0.4,L75,D,171,32.74,2024-10-29
ITM12031,Groceries,425,76,44.11,0.78,L85,C,156,168.76,2024-09-04
ITM12032,Electronics,115,15,43.0,0.5,L19,D,146,89.28,2024-10-18
ITM12033,Pharma,441,67,19.38,0.8,L45,C,125,59.49,2024-12-13
ITM12034,Automotive,219,79,23.64,0.77,L40,C,104,159.77,2024-08-12
ITM12035,Electronics,266,62,1.61,0.62,L84,B,170,183.48,2024-04-02
ITM12036,Pharma,91,75,20.57,0.85,L90,C,164,68.13,2024-11-08
ITM12037,Apparel,337,67,23.56,0.28,L85,C,139,157.43,2024-07-13
ITM12038,Pharma,204,91,45.44,0.25,L51,A,88,133.98,2024-07-02
ITM12039,Automotive,25,96,44.81,0.78,L17,C,66,198.05,2024-11-09
ITM12040,Pharma,225,11,48.34,0.32,L77,A,104,48.76,2024-01-15
ITM12041,Groceries,51,85,44.37,0.1,L91,D,66,192.53,2024-12-16
ITM12042,Automotive,118,31,1.4,0.92,L11,B,153,69.9,2024-03-07
ITM12043,Apparel,413,46,32.43,0.66,L40,C,116,88.27,2024-09-04
ITM12044,Groceries,406,29,4.34,0.5,L72,A,88,78.18,2024-09-06
ITM12045,Pharma,275,33,14.36,0.75,L49,D,143,61.01,2024-02-27
ITM12046,Automotive,206,93,29.34,0.4,L83,D,23,141.71,2024-07-29
ITM12047,Apparel,95,74,35.33,0.96,L43,D,36,121.94,2024-08-13
ITM12048,Groceries,196,74,33.08,0.16,L17,A,47,68.08,2024-01-24
ITM12049,Apparel,334,90,3.4,0.68,L86,A,156,35.12,2024-02-02
ITM12050,Pharma,306,10,6.08,0.8,L90,B,174,70.3,2024-05-13
ITM12051,Apparel,368,12,7.3,0.52,L95,C,136,82.43,2024-12-01
ITM12052,Electronics,274,55,5.48,0.78,L88,D,13,82.32,2024-06-09
ITM12053,Groceries,344,64,9.73,0.93,L68,B,67,77.88,2024-01-07
ITM12054,Apparel,209,84,34.74,0.77,L12,A,146,19.26,2024-12-26
ITM12055,Pharma,327,97,41.71,0.38,L83,B,122,98.17,2024-12-13
ITM12056,Pharma,364,95,21.03,0.61,L86,D,177,168.88,2024-09-25
ITM12057,Apparel,146,73,34.95,0.92,L55,D,152,44.27,2024-10-22
ITM12058,Pharma,444,54,10.8,0.5,L66,B,13,37.67,2024-10-16
ITM12059,Automotive,306,35,48.69,0.71,L47,D,61,99.65,2024-04-24
ITM12060,Automotive,273,86,18.15,0.52,L3,A,155,80.41,2024-12-08
ITM12061,Automotive,232,74,42.45,0.21,L47,D,108,116.64,2024-06-22
ITM12062,Electronics,269,33,47.32,0.15,L40,C,178,189.94,2024-09-22
ITM12063,Apparel,103,83,43.37,0.96,L24,C,102,154.57,2024-09-24
ITM12064,Electronics,402,44,4.29,0.65,L28,D,126,140.54,2024-12-18
ITM12065,Pharma,425,33,32.87,0.19,L44,B,13,89.03,2024-12-24
ITM12066,Electronics,407,37,6.88,0.87,L99,D,94,64.6,2024-11-12
ITM12067,Pharma,32,89,1.28,0.57,L63,C,176,112.65,2024-02-18
ITM12068,Pharma,64,25,3.54,0.79,L25,A,16,178.23,2024-08-09
ITM12069,Groceries,146,68,45.89,0.21,L29,C,134,176.58,2024-12-04
ITM12070,Automotive,445,90,45.51,0.92,L18,D,160,94.65,2024-05-07
ITM12071,Pharma,133,63,12.07,0.63,L20,D,94,56.78,2024-09-03
ITM12072,Groceries,452,88,27.81,0.76,L10,B,72,52.82,2024-06-26
ITM12073,Automotive,295,25,47.8,0.13,L38,D,132,16.46,2024-12-05
ITM12074,Pharma,224,24,25.34,0.38,L13,D,178,170.11,2024-12-12
ITM12075,Pharma,356,20,20.29,0.34,L65,A,98,60.32,2024-11-24
ITM12076,Electronics,457,74,24.68,0.95,L99,A,104,78.21,2024-07-16
ITM12077,Electronics,439,88,39.72,0.27,L70,A,128,163.75,2024-03-17
ITM12078,Automotive,404,99,24.39,0.74,L95,B,53,32.8,2024-10-12
ITM12079,Pharma,418,77,39.38,0.14,L68,B,111,97.63,2024-11-09
ITM12080,Apparel,480,52,22.15,0.28,L5,C,54,33.24,2024-01-28
ITM12081,Electronics,292,78,13.35,0.4,L85,B,126,93.95,2024-01-06
ITM12082,Automotive,427,22,17.0,0.82,L44,A,60,18.96,2024-11-25
ITM12083,Pharma,77,19,4.81,0.81,L99,B,74,108.35,2024-03-21
ITM12084,Pharma,347,84,25.37,0.96,L80,D,63,161.18,2024-09-15
ITM12085,Apparel,238,91,8.26,0.93,L17,B,81,138.5,2024-08-28
ITM12086,Automotive,128,50,40.77,0.17,L77,D,129,106.74,2024-09-10
ITM12087,Pharma,298,59,21.61,0.85,L49,C,177,167.46,2024-03-25
ITM12088,Electronics,193,96,38.49,0.51,L20,D,152,53.28,2024-02-08
ITM12089,Apparel,347,80,47.77,0.88,L21,A,28,167.85,2024-09-08
ITM12090,Automotive,283,68,42.62,0.18,L24,C,19,62.51,2024-06-13
ITM12091,Apparel,334,48,47.62,0.84,L89,C,25,78.87,2024-05-03
ITM12092,Electronics,493,12,28.83,0.24,L99,C,168,34.4,2024-06-18
ITM12093,Automotive,130,85,9.1,0.4,L80,A,117,29.33,2024-05-22
ITM12094,Apparel,206,16,46.83,0.13,L22,D,25,187.1,2024-01-26
ITM12095,Groceries,288,58,43.56,0.21,L93,C,89,46.1,2024-09-16
ITM12096,Electronics,442,35,43.36,0.5,L57,A,37,73.33,2024-04-24
ITM12097,Electronics,248,42,34.97,0.84,L6,C,157,110.54,2024-10-08
ITM12098,Electronics,175,57,31.62,0.8,L53,C,172,76.09,2024-11-25
ITM12099,Groceries,492,88,1.72,0.31,L47,A,18,175.33,2024-07-12
ITM12100,Groceries,208,11,37.65,0.24,L87,B,113,181.14,2024-07-25
ITM12101,Pharma,291,80,5.49,0.45,L93,C,147,71.94,2024-04-30
ITM12102,Apparel,394,41,13.73,0.89,L31,B,54,27.49,2024-02-10
ITM12103,Pharma,21,13,28.02,0.18,L57,C,118,49.93,2024-08-23
ITM12104,Apparel,265,29,23.13,0.59,L79,B,152,100.13,2024-08-15
ITM12105,Groceries,229,45,1.77,0.18,L37,D,39,64.81,2024-10-20
ITM12106,Groceries,420,41,41.38,0.52,L97,B,57,96.16,2024-08-17
ITM12107,Pharma,305,37,44.06,0.21,L96,B,177,154.15,2024-02-15
ITM12108,Automotive,378,86,34.41,0.17,L58,B,100,89.92,2024-09-12
ITM12109,Pharma,32,10,27.51,0.27,L30,B,100,47.43,2024-08-16
ITM12110,Apparel,115,69,48.08,0.33,L69,D,83,78.01,2024-06-10
ITM12111,Pharma,240,65,6.88,0.35,L31,A,53,151.17,2024-03-01
ITM12112,Electronics,257,44,37.16,0.68,L40,B,143,90.57,2024-09-11
ITM12113,Apparel,113,39,7.29,0.15,L61,A,126,57.41,2024-11-30
ITM12114,Apparel,357,63,19.71,0.17,L25,C,33,91.21,2024-01-10
ITM12115,Automotive,288,45,29.69,0.27,L48,A,16,96.41,2024-02-22
ITM12116,Groceries,190,64,37.12,0.88,L87,B,15,66.31,2024-07-25
ITM12117,Apparel,488,98,1.18,0.67,L74,A,127,199.18,2024-07-30
ITM12118,Groceries,113,89,13.77,0.76,L57,D,170,155.85,2024-01-19
ITM12119,Pharma,168,67,27.37,0.43,L60,D,94,141.57,2024-10-12
ITM12120,Electronics,131,92,27.11,0.29,L99,B,119,172.42,2024-10-08
ITM12121,Automotive,74,74,32.24,0.13,L37,A,175,136.62,2024-01-01
ITM12122,Groceries,356,78,15.89,0.54,L100,C,154,160.29,2024-02-16
ITM12123,Apparel,443,60,27.49,0.62,L49,D,40,88.38,2024-11-05
ITM12124,Groceries,486,31,10.3,0.91,L65,B,174,105.07,2024-11-12
ITM12125,Apparel,135,97,10.16,0.89,L68,D,148,18.93,2024-11-22
ITM12126,Groceries,162,62,29.25,0.48,L54,B,142,63.32,2024-06-04
ITM12127,Apparel,220,45,34.59,0.48,L21,A,73,79.92,2024-09-17
ITM12128,Pharma,199,77,6.9,0.25,L26,A,85,128.84,2024-10-14
ITM12129,Apparel,221,45,7.02,0.33,L78,A,140,98.2,2024-04-15
ITM12130,Apparel,383,61,28.7,0.93,L18,A,65,125.49,2024-12-01
ITM12131,Electronics,498,62,14.23,0.23,L33,A,72,145.53,2024-12-09
ITM12132,Apparel,72,91,20.23,0.97,L7,B,114,18.12,2024-08-21
ITM12133,Electronics,490,59,20.64,0.55,L83,D,47,59.07,2024-06-23
ITM12134,Automotive,403,89,9.75,0.51,L62,C,63,42.47,2024-07-05
ITM12135,Electronics,199,50,1.06,0.26,L48,D,139,45.62,2024-01-28
ITM12136,Pharma,433,27,42.8,0.7,L71,A,11,105.59,2024-04-24
ITM12137,Electronics,436,31,36.04,0.51,L14,D,149,150.6,2024-08-20
ITM12138,Automotive,332,75,34.84,0.43,L92,D,49,61.83,2024-06-18
ITM12139,Pharma,327,30,27.78,0.34,L67,B,11,166.65,2024-10-13
ITM12140,Groceries,156,53,35.35,0.16,L16,C,114,179.57,2024-11-13
ITM12141,Groceries,201,56,46.85,0.57,L37,C,134,76.6,2024-11-03
ITM12142,Electronics,386,48,33.62,0.38,L11,A,89,139.46,2024-08-30
ITM12143,Electronics,20,38,13.99,0.74,L98,B,56,32.24,2024-12-02
ITM12144,Automotive,63,63,28.96,0.75,L21,B,173,151.37,2024-07-05
ITM12145,Automotive,246,99,22.67,0.4,L35,B,141,41.35,2024-08-19
ITM12146,Apparel,350,94,28.26,0.7,L58,B,161,140.61,2024-02-28
ITM12147,Automotive,117,26,26.36,0.33,L66,B,100,90.16,2024-02-19
ITM12148,Apparel,227,89,43.08,0.75,L19,C,110,186.41,2024-12-03
ITM12149,Pharma,284,69,32.94,0.11,L56,C,139,98.25,2024-04-23
ITM12150,Electronics,307,40,10.25,0.24,L12,D,24,15.87,2024-01-02
ITM12151,Pharma,290,82,4.09,0.32,L29,C,58,101.33,2024-06-23
ITM12152,Automotive,159,87,21.79,0.8,L58,B,121,161.14,2024-06-30
ITM12153,Pharma,256,58,1.76,0.16,L45,D,44,132.95,2024-11-20
ITM12154,Pharma,481,11,16.6,0.27,L4,C,125,193.6,2024-05-29
ITM12155,Pharma,460,57,19.03,0.42,L54,D,103,170.22,2024-10-07
ITM12156,Automotive,411,23,19.4,0.11,L7,C,33,110.04,2024-09-24
ITM12157,Pharma,91,68,48.99,0.79,L51,A,69,49.24,2024-07-10
ITM12158,Apparel,174,67,15.89,0.6,L65,C,86,10.72,2024-12-25
ITM12159,Automotive,209,67,14.0,0.91,L48,D,57,196.3,2024-02-24
ITM12160,Pharma,287,60,7.34,0.13,L31,A,160,188.28,2024-01-24
ITM12161,Automotive,340,93,26.04,0.34,L50,B,149,62.09,2024-03-25
ITM12162,Groceries,126,11,8.53,0.76,L11,D,50,131.26,2024-09-09
ITM12163,Apparel,251,50,31.2,0.71,L48,B,166,148.56,2024-03-12
ITM12164,Pharma,61,92,8.6,0.32,L29,B,137,119.82,2024-07-28
ITM12165,Groceries,209,91,29.26,0.64,L4,D,160,170.16,2024-02-24
ITM12166,Groceries,390,25,41.49,0.81,L41,B,40,24.79,2024-05-10
ITM12167,Automotive,158,13,3.08,0.13,L13,D,158,180.33,2024-11-08
ITM12168,Groceries,122,21,21.57,0.75,L92,D,33,84.48,2024-04-10
ITM12169,Apparel,190,38,23.59,0.33,L84,C,18,101.33,2024-04-06
ITM12170,Apparel,370,16,39.76,0.95,L43,A,159,94.5,2024-03-02
ITM12171,Electronics,292,23,23.93,0.58,L19,B,141,110.94,2024-07-20
ITM12172,Apparel,435,21,28.81,0.13,L18,B,86,123.65,2024-04-20
ITM12173,Groceries,240,14,39.77,0.46,L5,A,140,144.97,2024-08-22
ITM12174,Apparel,232,90,28.43,0.97,L37,A,129,109.74,2024-04-07
ITM12175,Automotive,360,41,18.56,0.76,L61,A,165,140.11,2024-06-22
ITM12176,Electronics,443,83,5.21,0.37,L90,A,99,74.28,2024-02-25
ITM12177,Groceries,426,52,36.77,0.62,L18,A,126,187.97,2024-07-31
ITM12178,Electronics,75,90,43.69,0.64,L98,C,119,22.26,2024-01-24
ITM12179,Groceries,409,78,48.53,0.12,L91,D,130,113.65,2024-11-20
ITM12180,Automotive,361,54,46.4,0.26,L61,A,107,26.61,2024-12-10
ITM12181,Electronics,453,18,40.07,0.6,L58,C,24,94.13,2024-10-28
ITM12182,Pharma,121,58,32.53,0.46,L79,A,145,58.94,2024-03-04
ITM12183,Groceries,440,42,39.29,0.27,L1,A,61,188.01,2024-08-18
ITM12184,Pharma,211,27,22.17,0.8,L11,B,64,12.48,2024-08-22
ITM12185,Electronics,329,18,30.14,0.54,L3,B,46,84.33,2024-12-03
ITM12186,Pharma,219,71,18.09,0.38,L33,B,141,158.59,2024-10-28
ITM12187,Pharma,252,66,17.01,0.25,L28,B,64,45.81,2024-09-15
ITM12188,Electronics,452,38,38.08,0.65,L20,D,21,164.96,2024-03-09
ITM12189,Automotive,246,87,23.24,0.7,L71,D,156,173.35,2024-09-12
ITM12190,Pharma,390,34,11.4,0.7,L94,B,46,144.52,2024-01-03
ITM12191,Pharma,158,24,10.89,0.3,L78,B,16,49.72,2024-09-28
ITM12192,Automotive,363,15,43.1,0.64,L68,A,64,61.69,2024-01-25
ITM12193,Pharma,324,51,34.21,0.91,L55,A,37,41.72,2024-10-10
ITM12194,Pharma,168,38,27.76,0.42,L15,B,46,44.97,2024-08-09
ITM12195,Pharma,134,88,20.65,0.29,L100,B,84,16.93,2024-10-26
ITM12196,Apparel,469,13,22.11,0.79,L37,B,123,172.89,2024-09-04
ITM12197,Automotive,82,91,3.81,0.26,L31,A,176,110.42,2024-09-17
ITM12198,Pharma,123,66,23.29,0.33,L39,B,115,72.27,2024-03-31
ITM12199,Automotive,358,58,39.98,0.19,L16,B,160,65.02,2024-12-20
ITM12200,Groceries,378,53,20.01,0.34,L7,D,119,113.49,2024-10-23
ITM12201,Groceries,175,89,19.8,0.47,L31,D,93,72.07,2024-03-29
ITM12202,Pharma,292,84,1.77,0.16,L54,A,20,174.11,2024-03-06
ITM12203,Automotive,25,23,23.43,0.88,L82,D,75,50.08,2024-02-23
ITM12204,Automotive,166,12,2.24,0.56,L80,A,22,177.64,2024-07-17
ITM12205,Automotive,203,71,28.95,0.63,L59,C,178,136.18,2024-12-02
ITM12206,Apparel,47,73,25.83,0.43,L9,B,24,191.76,2024-11-03
ITM12207,Groceries,469,54,42.16,0.7,L15,A,65,12.87,2024-11-06
ITM12208,Automotive,57,91,29.51,0.49,L64,D,168,21.23,2024-06-13
ITM12209,Automotive,138,67,16.85,0.79,L77,C,62,105.17,2024-09-15
ITM12210,Apparel,312,29,26.3,0.84,L69,D,70,183.35,2024-07-15
ITM12211,Apparel,390,67,35.29,0.7,L3,A,137,148.85,2024-08-02
ITM12212,Automotive,263,98,5.6,0.54,L81,C,51,128.21,2024-11-07
ITM12213,Electronics,87,66,31.43,0.8,L66,D,38,16.0,2024-12-20
ITM12214,Automotive,233,86,45.91,0.54,L74,C,164,77.29,2024-05-07
ITM12215,Automotive,237,77,15.66,0.2,L31,B,53,75.71,2024-05-20
ITM12216,Apparel,196,87,31.7,0.2,L92,B,142,113.0,2024-07-22
ITM12217,Apparel,318,61,41.25,0.95,L19,C,122,58.99,2024-06-24
ITM12218,Automotive,183,46,26.08,0.29,L38,D,115,60.76,2024-05-30
ITM12219,Automotive,77,17,36.18,0.83,L55,D,47,127.96,2024-08-19
ITM12220,Automotive,288,53,16.24,0.32,L1,D,124,189.47,2024-03-09
ITM12221,Apparel,327,14,16.0,0.49,L79,B,139,135.43,2024-03-11
ITM12222,Automotive,77,78,33.71,0.69,L46,A,118,136.94,2024-07-30
ITM12223,Automotive,307,40,35.57,0.24,L31,A,93,197.38,2024-11-04
ITM12224,Pharma,484,54,46.91,0.76,L74,C,172,39.16,2024-12-24
ITM12225,Electronics,124,18,12.02,0.72,L54,D,55,16.43,2024-09-19
ITM12226,Groceries,247,41,23.94,0.59,L24,C,101,151.65,2024-06-02
ITM12227,Electronics,266,42,13.28,0.61,L86,A,114,93.37,2024-12-25
ITM12228,Pharma,207,76,4.92,0.2,L86,A,81,91.48,2024-10-07
ITM12229,Groceries,102,39,20.76,0.49,L11,D,148,52.81,2024-06-09
ITM12230,Automotive,205,85,19.33,0.18,L68,C,38,106.3,2024-12-30
ITM12231,Pharma,271,38,14.25,0.38,L47,D,56,94.01,2024-10-10
ITM12232,Automotive,374,12,15.55,0.91,L9,A,120,75.64,2024-11-19
ITM12233,Apparel,257,99,18.66,0.62,L68,A,16,94.12,2024-04-21
ITM12234,Pharma,379,66,49.45,0.77,L70,D,126,82.93,2024-04-12
ITM12235,Apparel,203,39,39.36,0.62,L65,C,73,188.58,2024-04-17
ITM12236,Pharma,303,18,4.5,0.27,L65,B,91,196.25,2024-11-15
ITM12237,Pharma,404,35,43.75,0.64,L71,D,73,169.58,2024-05-28
ITM12238,Apparel,445,11,32.03,0.78,L3,A,101,198.18,2024-12-17
ITM12239,Groceries,229,71,44.64,0.22,L50,B,21,60.49,2024-06-25
ITM12240,Electronics,323,12,17.74,0.84,L61,D,21,170.16,2024-12-10
ITM12241,Automotive,315,55,23.76,0.6,L6,B,45,87.26,2024-03-08
ITM12242,Pharma,116,77,44.92,0.1,L82,D,38,151.77,2024-12-29
ITM12243,Automotive,466,34,14.36,0.57,L50,A,148,48.26,2024-11-28
ITM12244,Apparel,479,60,45.86,0.46,L48,D,94,164.27,2024-04-01
ITM12245,Automotive,475,22,41.6,0.37,L33,B,83,25.86,2024-09-14
ITM12246,Apparel,491,53,49.05,0.79,L96,C,56,61.41,2024-10-04
ITM12247,Automotive,227,44,16.89,0.91,L3,A,170,166.17,2024-12-21
ITM12248,Electronics,389,64,12.55,0.79,L46,A,90,151.96,2024-11-22
ITM12249,Electronics,407,96,17.21,0.86,L9,B,130,105.24,2024-06-14
ITM12250,Electronics,441,18,47.78,0.92,L45,D,52,137.83,2024-12-29
ITM12251,Electronics,430,11,17.32,0.92,L31,D,155,45.26,2024-02-29
ITM12252,Electronics,156,70,28.7,0.2,L94,D,83,136.88,2024-06-29
ITM12253,Electronics,386,50,20.78,0.51,L85,A,62,11.52,2024-10-14
ITM12254,Apparel,419,53,20.41,0.1,L81,A,48,168.31,2024-09-02
ITM12255,Pharma,203,73,10.48,0.56,L14,B,116,108.09,2024-10-25
ITM12256,Automotive,95,40,27.32,0.93,L99,D,171,189.34,2024-10-19
ITM12257,Electronics,306,56,42.62,0.28,L75,D,46,100.85,2024-12-07
ITM12258,Apparel,491,11,3.42,0.68,L95,B,178,92.29,2024-12-29
ITM12259,Apparel,394,91,44.57,0.68,L97,A,106,95.51,2024-08-01
ITM12260,Apparel,161,86,33.61,0.24,L43,A,58,78.35,2024-12-11
ITM12261,Pharma,256,78,31.22,0.31,L18,C,137,41.67,2024-09-30
ITM12262,Automotive,44,67,31.67,0.52,L6,C,19,169.99,2024-05-26
ITM12263,Pharma,309,53,15.52,0.27,L46,D,49,83.93,2024-08-04
ITM12264,Groceries,86,83,21.34,0.63,L70,A,155,110.53,2024-01-07
ITM12265,Apparel,269,65,40.17,0.54,L44,D,162,13.78,2024-09-24
ITM12266,Groceries,427,52,16.01,0.57,L83,A,115,21.45,2024-02-24
ITM12267,Electronics,137,98,24.03,0.22,L23,C,50,123.46,2024-01-13
ITM12268,Electronics,92,43,1.96,0.57,L100,B,173,177.05,2024-07-14
ITM12269,Pharma,301,39,36.94,0.14,L88,A,11,103.75,2024-03-15
ITM12270,Automotive,423,80,21.47,0.89,L60,C,62,41.35,2024-01-28
ITM12271,Groceries,467,79,26.74,0.41,L90,C,156,32.06,2024-12-09
ITM12272,Automotive,379,64,6.62,0.87,L62,A,35,180.96,2024-01-29
ITM12273,Pharma,29,76,49.59,0.73,L81,D,63,143.31,2024-04-12
ITM12274,Electronics,230,22,15.82,0.79,L24,A,60,193.58,2024-05-16
ITM12275,Automotive,342,12,32.11,0.38,L18,C,162,25.65,2024-03-23
ITM12276,Automotive,171,35,29.48,0.3,L9,A,123,181.5,2024-05-26
ITM12277,Electronics,24,66,39.47,0.47,L92,B,26,170.67,2024-12-15
ITM12278,Groceries,214,33,15.4,0.12,L100,D,129,179.71,2024-05-08
ITM12279,Electronics,461,62,38.04,0.93,L59,A,55,11.09,2024-03-15
ITM12280,Automotive,302,79,19.74,0.45,L5,C,64,150.96,2024-02-01
ITM12281,Groceries,483,52,21.15,0.99,L38,C,59,114.3,2024-12-19
ITM12282,Groceries,132,69,33.96,0.79,L26,D,84,118.9,2024-05-31
ITM12283,Electronics,290,67,39.43,0.17,L6,A,20,99.15,2024-04-14
ITM12284,Automotive,182,58,33.68,0.69,L26,C,149,151.11,2024-10-04
ITM12285,Pharma,479,51,45.09,0.34,L6,D,177,199.97,2024-01-17
ITM12286,Automotive,124,85,14.97,0.32,L41,B,57,145.0,2024-07-02
ITM12287,Apparel,200,75,45.13,0.33,L40,D,130,138.83,2024-08-19
ITM12288,Pharma,63,20,7.41,0.92,L66,A,65,134.34,2024-02-22
ITM12289,Groceries,301,99,33.32,0.55,L51,A,17,142.09,2024-11-11
ITM12290,Pharma,194,27,27.83,0.7,L70,C,23,75.0,2024-12-11
ITM12291,Groceries,181,94,25.24,0.35,L61,B,123,70.84,2024-10-14
ITM12292,Groceries,490,61,16.23,0.57,L33,A,63,159.02,2024-04-24
ITM12293,Pharma,370,55,25.68,0.42,L5,C,26,20.09,2024-11-27
ITM12294,Groceries,453,53,8.93,0.39,L97,D,142,154.26,2024-10-14
ITM12295,Groceries,359,31,19.1,0.32,L83,D,140,164.63,2024-07-18
ITM12296,Apparel,159,62,5.84,0.47,L25,A,18,109.1,2024-05-01
ITM12297,Automotive,490,68,29.02,0.69,L37,B,131,182.93,2024-09-18
ITM12298,Automotive,151,39,5.69,0.3,L46,C,123,99.89,2024-12-22
ITM12299,Apparel,106,17,8.86,0.97,L100,A,29,43.84,2024-05-27
ITM12300,Pharma,195,66,5.19,0.21,L7,C,92,78.67,2024-12-20
ITM12301,Electronics,202,82,19.68,0.53,L84,D,30,182.11,2024-12-06
ITM12302,Electronics,387,29,42.26,0.18,L43,C,42,198.81,2024-01-25
ITM12303,Electronics,148,34,45.44,0.12,L35,D,142,90.15,2024-07-14
ITM12304,Apparel,265,28,4.52,0.93,L16,B,161,41.7,2024-07-17
ITM12305,Apparel,108,14,32.09,0.83,L48,B,35,64.4,2024-08-01
ITM12306,Groceries,85,84,34.53,0.72,L56,D,117,115.13,2024-12-16
ITM12307,Electronics,177,88,27.15,0.88,L52,A,98,118.7,2024-06-09
ITM12308,Pharma,406,81,33.68,0.82,L96,D,101,129.71,2024-10-09
ITM12309,Pharma,397,92,12.45,0.68,L57,C,42,168.72,2024-01-28
ITM12310,Electronics,168,96,24.99,0.86,L50,C,27,145.13,2024-01-07
ITM12311,Electronics,492,36,20.15,0.45,L44,C,27,59.56,2024-05-08
ITM12312,Electronics,359,49,5.4,0.6,L24,A,175,85.06,2024-04-13
ITM12313,Apparel,452,35,31.65,0.8,L64,B,42,169.57,2024-11-13
ITM12314,Apparel,135,36,25.27,0.18,L89,B,36,130.34,2024-08-14
ITM12315,Apparel,233,71,14.48,0.87,L64,C,58,41.62,2024-04-25
ITM12316,Automotive,488,92,24.21,0.24,L48,A,152,71.85,2024-11-20
ITM12317,Pharma,465,59,38.99,0.88,L67,C,117,160.31,2024-12-26
ITM12318,Pharma,391,51,40.28,0.38,L35,B,77,42.7,2024-12-29
ITM12319,Groceries,313,38,32.83,0.39,L11,D,108,141.3,2024-11-27
ITM12320,Apparel,272,48,23.92,0.17,L94,C,28,117.07,2024-07-07
ITM12321,Automotive,162,69,29.21,0.9,L55,C,34,38.02,2024-10-28
ITM12322,Automotive,269,50,19.87,0.26,L11,C,113,140.89,2024-10-06
ITM12323,Pharma,385,42,7.2,0.67,L56,B,85,37.05,2024-11-04
ITM12324,Apparel,455,92,19.9,0.68,L78,A,85,85.7,2024-04-10
ITM12325,Groceries,482,92,26.99,0.35,L24,D,115,68.63,2024-04-09
ITM12326,Apparel,321,25,30.34,0.99,L70,D,162,141.1,2024-05-30
ITM12327,Electronics,44,32,46.85,0.16,L38,D,42,158.65,2024-08-17
ITM12328,Apparel,296,16,39.09,0.65,L42,C,46,41.98,2024-03-31
ITM12329,Electronics,491,35,8.45,0.53,L14,B,101,164.28,2024-12-15
ITM12330,Electronics,396,21,9.53,0.32,L11,D,133,11.37,2024-02-08
ITM12331,Groceries,397,81,5.92,0.25,L42,C,52,110.71,2024-04-05
ITM12332,Pharma,408,14,37.17,0.76,L85,A,135,108.19,2024-03-29
ITM12333,Apparel,89,78,35.6,0.92,L38,C,18,128.53,2024-09-20
ITM12334,Electronics,132,58,49.33,0.2,L40,D,23,55.54,2024-03-02
ITM12335,Apparel,382,35,26.58,0.27,L58,D,140,11.87,2024-07-12
ITM12336,Pharma,131,14,41.49,0.99,L78,A,78,96.4,2024-01-21
ITM12337,Pharma,383,31,29.25,0.11,L92,B,35,23.57,2024-08-07
ITM12338,Automotive,322,88,43.83,0.56,L55,A,136,179.52,2024-05-22
ITM12339,Pharma,490,22,36.33,0.56,L22,A,62,43.0,2024-10-11
ITM12340,Groceries,471,37,32.5,0.34,L89,D,50,90.79,2024-05-15
ITM12341,Electronics,110,42,28.69,0.7,L57,D,91,92.46,2024-03-07
ITM12342,Automotive,37,32,36.43,0.95,L45,B,111,115.04,2024-03-23
ITM12343,Groceries,168,27,21.56,0.51,L58,D,30,158.68,2024-10-26
ITM12344,Apparel,495,39,5.73,0.77,L6,A,130,99.71,2024-05-10
ITM12345,Electronics,246,35,2.96,0.68,L94,A,48,14.89,2024-01-03
ITM12346,Pharma,233,25,24.47,0.53,L46,B,160,156.51,2024-06-18
ITM12347,Electronics,379,86,30.37,0.14,L79,D,78,25.61,2024-08-26
ITM12348,Apparel,170,48,4.86,0.77,L56,D,84,131.9,2024-12-29
ITM12349,Automotive,211,42,15.06,0.43,L36,A,166,162.65,2024-03-20
ITM12350,Automotive,470,35,16.78,0.3,L82,A,71,63.71,2024-01-21
ITM12351,Automotive,59,57,28.58,0.95,L8,D,54,95.33,2024-03-19
ITM12352,Pharma,261,74,14.65,0.8,L10,C,36,12.72,2024-06-14
ITM12353,Groceries,157,47,5.69,0.97,L86,A,125,162.74,2024-11-01
ITM12354,Groceries,364,11,9.08,0.33,L82,A,171,143.62,2024-01-27
ITM12355,Electronics,199,15,9.52,0.85,L52,A,151,53.96,2024-11-16
ITM12356,Pharma,219,55,42.29,0.65,L47,B,50,84.14,2024-11-11
ITM12357,Automotive,222,59,14.93,0.98,L66,D,115,142.11,2024-12-04
ITM12358,Automotive,80,47,36.02,0.95,L96,D,83,78.05,2024-06-03
ITM12359,Apparel,211,97,28.82,0.98,L87,D,69,40.86,2024-09-08
ITM12360,Apparel,24,27,48.87,0.96,L21,A,51,108.52,2024-10-20
ITM12361,Automotive,397,36,14.37,0.11,L4,D,131,147.48,2024-10-08
ITM12362,Automotive,256,50,8.76,0.77,L19,D,20,70.95,2024-07-02
ITM12363,Pharma,200,81,3.55,0.34,L78,D,172,33.14,2024-02-07
ITM12364,Groceries,330,83,12.81,0.73,L87,B,156,167.61,2024-12-28
ITM12365,Apparel,56,26,34.52,0.98,L57,B,127,58.03,2024-06-11
ITM12366,Groceries,75,71,5.18,0.14,L5,A,74,107.43,2024-09-26
ITM12367,Pharma,462,38,12.99,0.61,L17,D,56,141.36,2024-04-22
ITM12368,Automotive,256,67,42.91,0.76,L9,A,23,70.24,2024-04-04
ITM12369,Groceries,377,79,29.56,0.33,L31,A,76,133.24,2024-09-23
ITM12370,Automotive,368,87,4.41,0.3,L100,A,118,97.34,2024-02-04
ITM12371,Automotive,216,31,3.34,0.15,L83,A,169,118.38,2024-09-15
ITM12372,Electronics,92,15,4.0,0.18,L47,A,19,122.21,2024-03-22
ITM12373,Groceries,78,35,47.15,0.69,L47,A,133,166.59,2024-07-31
ITM12374,Groceries,259,48,42.64,0.55,L50,B,26,134.7,2024-10-05
ITM12375,Automotive,21,21,42.4,0.13,L73,C,177,60.22,2024-10-01
ITM12376,Pharma,468,23,46.29,0.97,L5,B,152,21.32,2024-07-25
ITM12377,Electronics,379,31,25.76,0.69,L78,A,106,10.38,2024-02-17
ITM12378,Automotive,207,60,13.12,0.56,L20,C,176,181.84,2024-06-27
ITM12379,Apparel,326,32,20.67,0.35,L87,C,66,189.0,2024-04-23
ITM12380,Apparel,49,57,36.22,0.69,L58,D,147,27.88,2024-04-19
ITM12381,Electronics,286,80,43.93,0.43,L48,A,80,102.54,2024-12-05
ITM12382,Pharma,495,59,22.32,0.73,L48,A,106,38.8,2024-06-18
ITM12383,Automotive,127,98,27.23,0.71,L57,B,26,190.26,2024-06-18
ITM12384,Groceries,351,22,46.66,0.18,L98,C,85,56.9,2024-07-03
ITM12385,Electronics,442,94,6.27,0.92,L10,C,26,105.31,2024-05-30
ITM12386,Pharma,109,19,43.25,0.54,L74,A,120,41.47,2024-04-21
ITM12387,Groceries,224,64,8.81,0.45,L18,D,129,73.22,2024-11-12
ITM12388,Apparel,398,18,24.71,0.96,L68,A,153,60.69,2024-09-28
ITM12389,Apparel,475,88,11.7,0.49,L47,C,128,100.33,2024-08-31
ITM12390,Groceries,466,61,30.54,0.75,L51,D,87,89.76,2024-10-14
ITM12391,Electronics,467,11,28.37,0.69,L41,D,12,72.85,2024-11-28
ITM12392,Apparel,464,34,19.62,0.25,L84,C,117,30.12,2024-01-05
ITM12393,Automotive,400,22,43.3,0.99,L36,A,60,102.05,2024-02-28
ITM12394,Groceries,457,60,33.33,0.52,L32,A,123,171.54,2024-12-08
ITM12395,Groceries,239,67,36.34,0.46,L15,A,103,148.74,2024-06-26
ITM12396,Apparel,397,43,8.38,0.93,L4,B,125,146.91,2024-08-16
ITM12397,Electronics,113,44,44.28,0.58,L95,B,114,79.56,2024-05-03
ITM12398,Automotive,476,12,9.18,0.73,L24,D,108,144.6,2024-11-24
ITM12399,Electronics,122,68,11.92,0.86,L64,A,163,98.45,2024-11-10
ITM12400,Pharma,242,79,7.27,0.31,L67,B,85,38.55,2024-11-14
ITM12401,Pharma,205,57,22.58,0.25,L50,D,168,89.62,2024-05-04
ITM12402,Apparel,488,73,44.5,0.16,L72,C,90,35.22,2024-01-21
ITM12403,Apparel,203,28,13.37,0.91,L16,C,81,31.75,2024-12-15
ITM12404,Apparel,181,76,19.31,0.28,L34,A,156,14.38,2024-06-13
ITM12405,Pharma,266,91,42.46,0.38,L100,C,152,63.74,2024-07-14
ITM12406,Electronics,50,82,31.27,0.36,L34,C,120,72.87,2024-02-28
ITM12407,Electronics,71,85,37.83,0.37,L91,C,67,142.89,2024-07-16
ITM12408,Apparel,364,14,11.49,0.7,L58,D,87,112.22,2024-05-11
ITM12409,Automotive,95,76,36.11,0.96,L28,C,167,173.11,2024-10-03
ITM12410,Electronics,404,20,12.15,0.4,L79,C,57,43.53,2024-05-24
ITM12411,Pharma,458,77,49.38,0.47,L37,D,65,60.53,2024-01-13
ITM12412,Groceries,297,78,28.43,0.79,L89,B,51,188.8,2024-09-21
ITM12413,Groceries,59,10,35.09,0.49,L63,D,33,94.37,2024-07-10
ITM12414,Groceries,120,72,6.8,0.93,L26,B,119,159.92,2024-09-20
ITM12415,Automotive,130,38,13.28,0.55,L16,D,61,103.51,2024-09-17
ITM12416,Apparel,404,91,7.85,0.41,L18,A,43,99.51,2024-08-16
ITM12417,Pharma,340,21,20.12,0.97,L10,C,12,38.14,2024-09-06
ITM12418,Automotive,268,86,14.92,0.48,L58,B,77,171.73,2024-01-23
ITM12419,Pharma,210,50,36.91,0.31,L23,D,148,24.89,2024-05-31
ITM12420,Pharma,201,11,6.33,0.26,L92,B,150,68.95,2024-11-29
ITM12421,Apparel,445,46,37.85,1.0,L57,B,59,137.96,2024-04-08
ITM12422,Groceries,424,54,3.24,0.78,L12,C,91,106.38,2024-06-13
ITM12423,Apparel,354,89,10.9,0.47,L88,B,28,177.46,2024-09-20
ITM12424,Automotive,228,57,39.81,0.84,L41,D,53,17.47,2024-02-12
ITM12425,Automotive,41,33,37.4,0.59,L86,A,170,133.39,2024-02-19
ITM12426,Automotive,185,31,24.34,0.39,L45,A,175,100.72,2024-03-26
ITM12427,Apparel,118,20,3.45,0.77,L91,C,12,39.32,2024-10-02
ITM12428,Pharma,227,67,30.88,0.77,L9,D,122,151.22,2024-09-30
ITM12429,Pharma,27,55,20.93,0.55,L71,D,74,88.15,2024-01-04
ITM12430,Electronics,209,38,16.51,0.14,L70,A,172,111.0,2024-11-16
ITM12431,Automotive,194,44,32.38,0.17,L38,D,173,193.78,2024-02-03
ITM12432,Pharma,292,24,22.39,0.81,L39,B,175,102.38,2024-04-17
ITM12433,Electronics,36,69,5.53,0.84,L21,C,48,166.44,2024-12-09
ITM12434,Pharma,109,51,45.88,0.71,L92,A,162,156.22,2024-11-18
ITM12435,Automotive,160,52,39.15,0.86,L91,C,73,135.92,2024-04-19
ITM12436,Groceries,164,89,3.76,0.75,L90,B,113,180.39,2024-12-16
ITM12437,Automotive,185,83,26.73,0.91,L82,A,22,57.8,2024-08-05
ITM12438,Apparel,356,58,5.09,0.24,L23,D,77,165.95,2024-02-23
ITM12439,Pharma,97,73,42.03,0.45,L47,D,79,81.78,2024-04-15
ITM12440,Pharma,448,41,31.04,0.52,L66,B,84,164.37,2024-10-02
ITM12441,Apparel,281,73,9.45,0.37,L29,A,10,103.82,2024-12-25
ITM12442,Apparel,182,11,2.02,0.75,L16,C,107,172.96,2024-08-10
ITM12443,Groceries,385,33,2.55,0.92,L26,A,113,180.02,2024-11-27
ITM12444,Pharma,33,96,25.86,0.47,L18,D,125,123.55,2024-02-06
ITM12445,Pharma,258,75,36.98,0.95,L31,A,146,106.45,2024-12-17
ITM12446,Groceries,91,47,6.92,0.57,L64,A,173,158.82,2024-03-19
ITM12447,Electronics,464,40,11.84,0.57,L4,D,122,60.73,2024-01-13
ITM12448,Groceries,162,35,17.04,0.64,L47,D,112,12.92,2024-08-23
ITM12449,Automotive,329,38,11.69,0.34,L71,C,46,87.35,2024-06-18
ITM12450,Pharma,302,76,20.18,0.45,L74,A,115,106.48,2024-01-20
ITM12451,Apparel,288,87,28.42,0.6,L48,D,117,66.48,2024-02-14
ITM12452,Automotive,260,34,34.56,0.95,L60,B,30,82.84,2024-02-07
ITM12453,Pharma,434,57,48.22,0.68,L71,D,157,35.28,2024-01-28
ITM12454,Groceries,264,74,46.61,0.4,L17,C,138,62.69,2024-04-01
ITM12455,Automotive,182,62,28.94,0.11,L79,C,37,55.62,2024-05-08
ITM12456,Pharma,79,76,36.97,0.98,L12,B,117,67.19,2024-10-12
ITM12457,Electronics,25,99,47.59,0.54,L9,C,18,66.82,2024-02-06
ITM12458,Electronics,216,27,5.09,0.94,L40,A,173,116.2,2024-10-21
ITM12459,Apparel,489,18,1.28,0.59,L51,C,171,57.61,2024-04-26
ITM12460,Pharma,77,47,2.46,0.64,L92,B,41,188.78,2024-05-12
ITM12461,Electronics,324,96,28.6,0.74,L93,C,75,107.14,2024-07-27
ITM12462,Groceries,426,30,38.38,0.39,L62,B,109,34.5,2024-07-17
ITM12463,Pharma,236,74,18.99,0.73,L68,C,162,63.13,2024-08-18
ITM12464,Groceries,437,30,27.72,0.57,L53,D,163,148.65,2024-11-18
ITM12465,Groceries,45,36,26.3,0.71,L99,B,30,12.6,2024-07-26
ITM12466,Electronics,322,79,5.64,0.85,L53,C,91,188.19,2024-08-09
ITM12467,Pharma,24,53,16.76,0.27,L74,A,33,94.58,2024-06-10
ITM12468,Automotive,493,37,1.95,0.65,L10,B,120,109.01,2024-01-09
ITM12469,Electronics,39,54,6.42,0.15,L17,B,101,197.8,2024-07-18
ITM12470,Electronics,409,26,40.78,0.19,L41,C,21,105.65,2024-12-10
ITM12471,Pharma,217,49,41.64,0.71,L83,D,148,190.07,2024-03-01
ITM12472,Pharma,78,12,40.3,0.16,L10,D,164,183.89,2024-09-30
ITM12473,Groceries,467,85,36.61,0.64,L58,C,32,188.85,2024-01-04
ITM12474,Pharma,261,85,39.87,0.3,L60,C,170,164.35,2024-11-24
ITM12475,Groceries,165,75,33.88,0.37,L88,A,101,66.32,2024-11-12
ITM12476,Electronics,407,55,33.82,0.22,L67,C,175,75.81,2024-02-02
ITM12477,Apparel,292,95,33.7,0.32,L45,B,179,79.35,2024-10-26
ITM12478,Automotive,268,96,26.19,0.84,L17,C,132,196.04,2024-01-24
ITM12479,Electronics,33,39,18.8,0.67,L100,A,166,78.54,2024-12-24
ITM12480,Pharma,481,78,36.78,0.95,L71,C,43,30.65,2024-02-07
ITM12481,Automotive,32,18,15.63,0.14,L82,C,134,157.88,2024-07-02
ITM12482,Apparel,410,94,27.6,0.81,L76,B,66,79.55,2024-09-14
ITM12483,Apparel,403,20,22.23,0.73,L24,D,12,127.98,2024-02-24
ITM12484,Groceries,63,78,14.55,0.33,L99,C,15,185.63,2024-05-28
ITM12485,Automotive,394,75,48.76,0.76,L17,A,57,119.35,2024-12-17
ITM12486,Groceries,418,97,13.68,0.74,L56,C,111,131.16,2024-06-03
ITM12487,Electronics,38,40,16.16,0.51,L65,C,129,132.14,2024-11-06
ITM12488,Automotive,82,42,8.92,0.72,L8,B,22,126.36,2024-02-14
ITM12489,Electronics,258,48,41.33,0.5,L16,D,45,40.36,2024-05-24
ITM12490,Groceries,438,55,29.74,0.4,L67,D,79,96.72,2024-08-12
ITM12491,Automotive,356,46,31.04,0.52,L20,D,42,11.46,2024-07-14
ITM12492,Groceries,438,69,41.21,0.91,L39,C,114,128.99,2024-07-21
ITM12493,Automotive,422,40,17.8,0.45,L22,B,66,119.32,2024-12-04
ITM12494,Groceries,423,20,10.49,0.46,L21,B,64,70.45,2024-01-16
ITM12495,Apparel,119,96,10.72,0.65,L42,C,116,109.54,2024-08-30
ITM12496,Groceries,182,11,36.9,0.78,L91,B,150,103.68,2024-03-21
ITM12497,Apparel,435,36,31.09,0.76,L29,D,60,57.67,2024-09-30
ITM12498,Groceries,141,11,11.11,0.12,L45,B,101,65.72,2024-04-22
ITM12499,Automotive,451,30,8.11,0.72,L67,C,62,154.88,2024-03-10
ITM12500,Automotive,63,67,6.91,0.51,L37,C,45,153.59,2024-07-19
ITM12501,Automotive,379,14,31.76,0.57,L11,A,142,99.26,2024-10-06
ITM12502,Pharma,427,61,1.01,0.61,L33,A,128,146.33,2024-05-31
ITM12503,Electronics,336,54,1.9,0.76,L26,B,34,95.65,2024-11-20
ITM12504,Automotive,400,94,20.09,0.85,L82,B,90,171.76,2024-03-14
ITM12505,Apparel,164,29,34.88,0.68,L71,C,46,73.23,2024-06-01
ITM12506,Automotive,346,70,35.06,0.61,L36,A,28,186.19,2024-12-12
ITM12507,Pharma,382,47,22.08,0.44,L17,A,44,113.03,2024-11-27
ITM12508,Apparel,69,29,34.86,0.22,L81,D,116,111.78,2024-07-10
ITM12509,Pharma,84,34,26.53,0.96,L39,D,171,137.45,2024-01-06
ITM12510,Apparel,374,11,48.87,0.52,L79,C,63,74.76,2024-10-10
ITM12511,Groceries,307,41,8.96,0.61,L69,C,15,147.62,2024-10-11
ITM12512,Electronics,183,35,30.43,0.78,L12,C,138,70.88,2024-03-13
ITM12513,Electronics,160,79,25.07,0.16,L65,C,43,85.53,2024-03-04
ITM12514,Pharma,473,50,10.53,0.87,L83,A,65,138.19,2024-01-22
ITM12515,Electronics,333,76,37.75,0.82,L22,C,106,81.91,2024-01-03
ITM12516,Pharma,147,10,14.5,0.8,L76,C,35,48.0,2024-10-20
ITM12517,Pharma,417,60,19.7,0.12,L75,A,179,175.66,2024-11-01
ITM12518,Pharma,440,14,19.37,0.57,L20,D,100,185.21,2024-07-20
ITM12519,Electronics,387,22,12.97,0.15,L22,C,47,129.08,2024-10-02
ITM12520,Pharma,482,28,22.1,0.6,L85,D,163,164.12,2024-10-07
ITM12521,Electronics,258,21,24.19,0.75,L80,A,68,197.46,2024-02-13
ITM12522,Pharma,343,57,37.47,0.21,L93,D,136,126.81,2024-06-05
ITM12523,Automotive,315,34,38.49,0.73,L78,A,33,182.67,2024-04-17
ITM12524,Pharma,206,66,8.77,0.5,L44,C,120,78.26,2024-06-25
ITM12525,Apparel,227,44,30.05,0.83,L73,D,30,143.09,2024-04-18
ITM12526,Pharma,239,85,44.91,0.58,L6,C,69,20.6,2024-07-30
ITM12527,Groceries,419,14,6.33,0.4,L4,B,99,159.9,2024-11-26
ITM12528,Pharma,209,31,24.17,0.4,L11,B,157,167.66,2024-09-19
ITM12529,Apparel,407,86,37.77,0.91,L6,D,15,86.22,2024-03-13
ITM12530,Apparel,448,66,30.96,0.51,L83,A,19,131.4,2024-03-23
ITM12531,Electronics,365,56,5.93,0.47,L99,D,149,173.09,2024-04-04
ITM12532,Automotive,303,63,20.43,0.14,L74,A,106,177.89,2024-04-23
ITM12533,Pharma,371,12,25.85,0.43,L34,B,159,30.24,2024-11-11
ITM12534,Electronics,256,62,49.8,0.86,L84,A,89,167.22,2024-05-09
ITM12535,Automotive,213,93,9.75,0.78,L27,B,26,62.11,2024-04-09
ITM12536,Pharma,306,40,49.14,0.3,L99,D,147,148.19,2024-02-28
ITM12537,Groceries,278,78,19.43,0.47,L74,C,149,71.78,2024-04-02
ITM12538,Pharma,265,97,10.82,0.28,L54,C,92,20.7,2024-12-09
ITM12539,Apparel,155,42,21.29,0.96,L80,C,49,49.88,2024-10-17
ITM12540,Apparel,299,81,31.09,0.64,L82,A,160,87.65,2024-01-28
ITM12541,Groceries,290,97,11.46,0.78,L4,C,177,150.83,2024-10-08
ITM12542,Electronics,190,59,15.28,0.74,L64,A,83,29.13,2024-08-24
ITM12543,Automotive,178,93,42.87,0.89,L81,C,83,164.46,2024-11-26
ITM12544,Pharma,220,25,49.95,0.95,L70,A,59,199.42,2024-10-08
ITM12545,Apparel,64,85,16.59,0.13,L38,A,19,159.77,2024-02-07
ITM12546,Electronics,469,86,8.29,0.98,L83,B,112,100.01,2024-05-28
ITM12547,Groceries,283,48,39.87,0.88,L39,B,103,117.95,2024-12-09
ITM12548,Apparel,90,98,30.42,0.44,L62,D,141,11.17,2024-02-04
ITM12549,Groceries,383,55,5.92,0.85,L32,B,138,49.76,2024-05-08
ITM12550,Pharma,390,97,47.39,0.76,L88,A,52,180.81,2024-02-20
ITM12551,Automotive,122,56,4.82,0.81,L52,B,92,14.13,2024-04-11
ITM12552,Apparel,144,53,31.64,0.3,L39,B,142,181.91,2024-10-24
ITM12553,Apparel,332,18,21.77,0.68,L59,B,113,31.52,2024-09-06
ITM12554,Pharma,483,96,28.27,0.12,L10,A,43,35.28,2024-06-18
ITM12555,Electronics,305,59,11.45,0.86,L89,A,33,43.32,2024-07-01
ITM12556,Automotive,477,86,34.72,0.96,L8,D,151,161.88,2024-03-06
ITM12557,Apparel,249,69,48.03,0.7,L21,B,50,100.86,2024-12-09
ITM12558,Automotive,165,24,23.46,0.56,L57,B,179,37.59,2024-12-01
ITM12559,Apparel,389,45,26.62,0.75,L54,A,22,140.49,2024-04-30
ITM12560,Automotive,216,72,12.75,0.39,L62,D,166,188.73,2024-02-21
ITM12561,Groceries,392,78,44.7,0.66,L60,D,171,118.77,2024-05-25
ITM12562,Apparel,240,95,48.59,0.75,L27,A,141,28.75,2024-11-13
ITM12563,Automotive,442,89,39.53,0.23,L44,B,37,20.4,2024-02-05
ITM12564,Electronics,79,50,27.6,0.23,L78,D,92,161.22,2024-04-09
ITM12565,Groceries,117,83,47.88,0.74,L19,D,138,128.96,2024-06-11
ITM12566,Groceries,190,33,8.54,0.49,L41,B,173,185.3,2024-09-05
ITM12567,Electronics,401,91,24.45,0.9,L92,D,116,113.98,2024-08-18
ITM12568,Automotive,192,58,27.34,0.38,L41,B,22,21.86,2024-06-17
ITM12569,Pharma,170,27,25.1,0.14,L94,D,123,86.7,2024-11-11
ITM12570,Electronics,472,16,40.32,0.68,L45,D,115,135.02,2024-12-03
ITM12571,Automotive,369,13,33.85,0.72,L52,A,14,83.13,2024-06-05
ITM12572,Electronics,409,99,7.21,0.6,L17,D,106,199.92,2024-12-21
ITM12573,Electronics,459,78,17.98,0.71,L98,B,23,87.02,2024-10-26
ITM12574,Apparel,141,69,17.61,0.57,L48,D,89,113.78,2024-03-19
ITM12575,Automotive,127,64,28.72,0.72,L66,A,129,52.82,2024-10-16
ITM12576,Pharma,23,25,15.28,0.14,L72,D,169,38.91,2024-10-17
ITM12577,Apparel,112,99,6.75,0.43,L14,C,164,132.61,2024-07-05
ITM12578,Electronics,426,91,33.03,0.29,L41,B,44,121.84,2024-06-10
ITM12579,Electronics,25,38,42.7,0.19,L31,C,12,10.82,2024-08-07
ITM12580,Electronics,307,32,46.65,0.31,L60,A,13,64.11,2024-03-27
ITM12581,Automotive,125,23,48.66,0.27,L16,C,144,132.28,2024-01-03
ITM12582,Automotive,165,88,39.27,0.98,L35,D,140,164.33,2024-06-09
ITM12583,Apparel,290,58,7.85,0.36,L58,B,90,69.35,2024-05-06
ITM12584,Pharma,443,42,42.8,0.31,L32,C,120,133.01,2024-04-23
ITM12585,Apparel,397,34,20.6,0.85,L19,D,68,60.4,2024-12-30
ITM12586,Groceries,115,30,36.77,0.48,L13,C,83,141.17,2024-11-24
ITM12587,Electronics,476,26,27.03,0.48,L7,D,138,142.61,2024-08-11
ITM12588,Electronics,248,32,41.6,0.5,L38,D,165,34.74,2024-05-21
ITM12589,Electronics,221,66,21.85,0.47,L50,C,68,136.37,2024-07-03
ITM12590,Apparel,231,90,4.03,0.39,L79,A,127,73.38,2024-03-09
ITM12591,Apparel,25,67,28.28,0.36,L54,B,147,42.79,2024-12-13
ITM12592,Electronics,131,23,9.39,0.89,L32,A,112,105.07,2024-06-18
ITM12593,Apparel,395,29,48.31,0.25,L21,C,140,95.94,2024-09-02
ITM12594,Automotive,398,39,26.82,0.26,L42,D,144,157.04,2024-08-24
ITM12595,Automotive,466,28,28.12,0.61,L74,C,18,26.06,2024-08-16
ITM12596,Apparel,342,62,45.46,0.41,L93,D,108,160.05,2024-07-02
ITM12597,Electronics,125,65,31.6,0.48,L41,D,150,30.16,2024-06-05
ITM12598,Apparel,158,86,15.83,0.83,L25,A,177,49.42,2024-09-06
ITM12599,Apparel,318,91,15.51,0.91,L98,A,123,108.02,2024-10-09
ITM12600,Apparel,420,32,25.58,0.81,L21,C,71,98.0,2024-02-25
ITM12601,Groceries,115,71,43.46,0.31,L64,B,71,197.88,2024-03-30
ITM12602,Automotive,407,42,39.94,0.98,L66,A,19,122.0,2024-11-26
ITM12603,Pharma,466,27,48.17,0.43,L60,D,96,72.21,2024-11-06
ITM12604,Pharma,471,82,4.52,0.25,L64,C,20,181.03,2024-02-11
ITM12605,Groceries,356,42,14.15,0.55,L40,C,71,69.32,2024-05-23
ITM12606,Apparel,316,41,4.93,0.75,L64,B,86,62.02,2024-03-12
ITM12607,Groceries,486,70,37.8,0.17,L3,C,113,103.93,2024-10-02
ITM12608,Groceries,408,63,7.9,0.67,L12,A,65,183.5,2024-04-10
ITM12609,Electronics,435,26,5.89,0.87,L51,D,119,144.62,2024-05-14
ITM12610,Automotive,233,28,28.52,0.34,L65,C,58,138.72,2024-11-16
ITM12611,Pharma,473,79,21.16,0.72,L59,C,25,147.95,2024-02-09
ITM12612,Apparel,310,43,36.04,0.46,L31,D,82,135.33,2024-02-08
ITM12613,Pharma,41,93,24.86,0.47,L28,C,125,154.36,2024-01-10
ITM12614,Pharma,212,34,21.84,0.35,L75,C,102,46.62,2024-09-16
ITM12615,Automotive,487,77,21.85,0.66,L46,B,146,43.68,2024-11-19
ITM12616,Pharma,169,83,43.72,0.42,L7,A,42,78.81,2024-01-16
ITM12617,Pharma,387,83,20.37,0.85,L7,C,97,171.68,2024-10-24
ITM12618,Groceries,266,97,17.34,0.97,L37,A,172,145.75,2024-10-23
ITM12619,Automotive,286,94,17.59,0.94,L64,B,48,117.63,2024-07-26
ITM12620,Electronics,480,20,10.63,0.25,L77,A,123,13.7,2024-10-29
ITM12621,Apparel,270,25,43.17,0.11,L84,B,86,54.8,2024-04-18
ITM12622,Pharma,22,99,8.18,0.49,L87,A,96,162.67,2024-01-19
ITM12623,Apparel,412,70,45.52,0.76,L61,A,162,56.07,2024-10-09
ITM12624,Electronics,335,89,14.89,0.98,L37,C,123,148.76,2024-05-13
ITM12625,Apparel,95,16,45.07,0.81,L69,A,65,45.08,2024-10-05
ITM12626,Electronics,106,25,39.75,0.62,L2,C,147,125.21,2024-10-03
ITM12627,Groceries,289,25,29.52,0.12,L14,C,50,129.36,2024-08-29
ITM12628,Pharma,244,49,33.8,0.84,L56,A,113,152.87,2024-11-30
ITM12629,Electronics,37,21,16.97,0.26,L18,C,108,93.29,2024-03-17
ITM12630,Apparel,132,44,29.14,0.15,L34,A,68,130.21,2024-07-06
ITM12631,Pharma,270,30,15.33,0.87,L94,D,165,102.52,2024-07-19
ITM12632,Groceries,252,59,20.71,0.61,L47,C,131,189.99,2024-04-24
ITM12633,Pharma,348,52,38.47,0.22,L98,D,129,109.16,2024-10-28
ITM12634,Electronics,298,26,12.95,0.45,L52,D,50,49.82,2024-05-28
ITM12635,Groceries,221,41,42.1,0.18,L47,C,75,136.9,2024-03-09
ITM12636,Apparel,102,50,19.42,0.67,L6,B,71,114.21,2024-08-25
ITM12637,Groceries,144,15,27.08,0.35,L52,B,167,162.73,2024-09-13
ITM12638,Groceries,194,97,47.16,0.88,L7,D,49,43.61,2024-09-18
ITM12639,Automotive,88,36,34.38,0.42,L73,D,49,59.58,2024-02-16
ITM12640,Groceries,66,29,32.63,0.55,L72,A,111,185.11,2024-07-22
ITM12641,Groceries,391,34,35.87,0.16,L25,D,24,186.7,2024-07-05
ITM12642,Pharma,275,75,45.99,0.35,L47,C,133,94.03,2024-09-14
ITM12643,Apparel,234,18,13.18,0.71,L71,B,140,19.07,2024-01-06
ITM12644,Pharma,49,62,31.05,0.76,L37,B,33,68.25,2024-12-05
ITM12645,Pharma,300,70,20.62,0.32,L10,B,178,56.95,2024-05-02
ITM12646,Electronics,431,47,1.58,0.55,L50,C,57,88.79,2024-11-10
ITM12647,Pharma,256,12,7.14,0.84,L65,A,57,70.38,2024-12-16
ITM12648,Automotive,267,93,16.92,0.44,L58,C,56,167.51,2024-03-25
ITM12649,Automotive,387,79,28.68,0.22,L98,C,114,10.58,2024-09-20
ITM12650,Electronics,44,64,44.19,0.49,L71,B,122,132.48,2024-03-12
ITM12651,Apparel,93,10,39.76,0.64,L36,C,17,136.21,2024-08-16
ITM12652,Apparel,225,79,28.11,0.11,L80,D,27,135.52,2024-03-22
ITM12653,Pharma,333,54,4.62,0.41,L88,C,117,108.91,2024-04-01
ITM12654,Pharma,113,56,15.01,0.65,L79,B,93,126.11,2024-10-16
ITM12655,Pharma,394,88,18.97,0.96,L16,B,160,163.99,2024-10-16
ITM12656,Apparel,146,35,31.46,0.47,L17,C,74,159.0,2024-12-03
ITM12657,Groceries,444,23,4.18,0.25,L13,D,118,16.58,2024-03-15
ITM12658,Automotive,44,63,26.98,0.58,L51,D,55,15.78,2024-09-04
ITM12659,Groceries,353,80,45.17,0.36,L48,B,75,169.4,2024-07-02
ITM12660,Groceries,374,55,35.57,0.29,L44,D,89,119.2,2024-01-21
ITM12661,Apparel,135,40,40.06,0.63,L72,D,159,191.91,2024-04-22
ITM12662,Groceries,67,97,34.4,0.92,L47,A,149,92.0,2024-09-06
ITM12663,Electronics,245,68,11.12,0.85,L97,A,156,43.58,2024-04-28
ITM12664,Pharma,285,38,6.41,0.26,L19,D,159,99.91,2024-02-02
ITM12665,Electronics,118,26,41.65,0.79,L26,D,115,92.94,2024-05-15
ITM12666,Automotive,478,23,35.08,0.31,L78,A,135,108.26,2024-07-08
ITM12667,Pharma,30,45,29.18,0.36,L66,A,154,163.51,2024-04-29
ITM12668,Groceries,104,67,10.27,0.93,L52,A,22,134.56,2024-01-22
ITM12669,Automotive,424,33,30.56,0.92,L65,B,37,45.2,2024-12-08
ITM12670,Pharma,233,72,2.53,0.25,L6,B,132,149.55,2024-04-15
ITM12671,Groceries,192,34,6.82,0.16,L6,A,76,122.46,2024-09-22
ITM12672,Electronics,410,68,16.28,0.36,L5,A,14,119.88,2024-07-03
ITM12673,Pharma,228,41,22.74,0.62,L18,A,109,138.87,2024-07-17
ITM12674,Groceries,467,91,6.91,0.89,L92,B,152,117.15,2024-08-28
ITM12675,Electronics,401,27,6.88,0.21,L43,B,90,96.93,2024-08-20
ITM12676,Automotive,83,46,36.57,0.47,L61,D,53,131.67,2024-01-24
ITM12677,Automotive,277,35,28.92,0.34,L67,C,128,147.51,2024-01-21
ITM12678,Automotive,351,18,27.15,0.11,L59,D,55,52.9,2024-11-28
ITM12679,Automotive,140,73,23.17,0.81,L20,C,166,104.44,2024-06-14
ITM12680,Apparel,317,81,48.85,0.83,L78,C,77,97.05,2024-02-22
ITM12681,Pharma,485,29,3.44,0.3,L66,C,137,17.58,2024-12-26
ITM12682,Pharma,73,63,9.85,0.24,L18,D,58,168.54,2024-09-23
ITM12683,Apparel,350,95,32.73,0.23,L42,B,111,81.7,2024-11-20
ITM12684,Groceries,291,92,7.68,0.52,L79,B,86,23.81,2024-05-20
ITM12685,Groceries,260,39,29.88,0.32,L41,B,29,97.0,2024-05-14
ITM12686,Automotive,262,62,28.82,0.56,L21,B,120,40.68,2024-10-23
ITM12687,Electronics,37,72,48.58,0.45,L51,D,155,143.84,2024-10-05
ITM12688,Groceries,206,20,44.29,0.29,L79,A,124,118.64,2024-10-18
ITM12689,Electronics,365,40,47.33,0.78,L95,C,179,61.32,2024-03-30
ITM12690,Pharma,163,58,6.57,0.24,L39,B,21,190.59,2024-07-11
ITM12691,Electronics,281,96,43.54,0.82,L76,B,88,65.43,2024-11-30
ITM12692,Pharma,460,28,7.33,0.61,L44,D,128,115.45,2024-07-12
ITM12693,Apparel,383,21,32.01,0.85,L65,C,45,162.3,2024-07-06
ITM12694,Apparel,450,24,36.28,0.1,L66,B,17,107.64,2024-10-27
ITM12695,Automotive,258,40,8.88,0.77,L69,A,37,192.56,2024-11-30
ITM12696,Groceries,323,52,32.0,0.15,L63,B,125,170.33,2024-02-09
ITM12697,Automotive,317,46,3.57,0.96,L91,C,95,184.99,2024-09-21
ITM12698,Pharma,95,88,15.37,0.73,L73,A,58,80.81,2024-05-08
ITM12699,Automotive,207,38,46.14,0.39,L39,D,175,114.19,2024-07-11
ITM12700,Electronics,352,35,9.41,0.39,L61,A,89,169.63,2024-04-24
ITM12701,Pharma,407,11,4.2,0.88,L3,C,14,181.67,2024-09-21
ITM12702,Apparel,265,93,22.74,0.91,L48,C,55,189.43,2024-07-26
ITM12703,Groceries,149,24,42.68,0.9,L43,A,107,177.04,2024-06-29
ITM12704,Pharma,493,13,4.76,0.83,L87,B,111,148.84,2024-06-25
ITM12705,Pharma,334,95,18.42,0.84,L15,C,11,14.6,2024-09-06
ITM12706,Electronics,430,59,45.09,0.62,L54,A,34,69.84,2024-09-03
ITM12707,Groceries,302,47,6.79,0.13,L75,C,10,34.5,2024-11-05
ITM12708,Apparel,98,32,16.22,0.18,L40,B,177,39.4,2024-01-04
ITM12709,Pharma,91,68,39.14,0.68,L93,B,77,65.27,2024-09-13
ITM12710,Pharma,282,99,27.62,0.46,L89,A,78,24.2,2024-03-12
ITM12711,Electronics,210,84,41.78,0.61,L81,D,25,56.18,2024-08-13
ITM12712,Automotive,386,37,6.47,0.31,L4,D,27,191.83,2024-03-25
ITM12713,Apparel,394,75,46.11,0.68,L77,B,116,69.27,2024-04-27
ITM12714,Groceries,449,17,46.81,0.32,L61,D,26,40.35,2024-02-09
ITM12715,Pharma,82,38,8.61,0.51,L34,B,134,146.48,2024-09-20
ITM12716,Pharma,399,20,2.66,0.53,L84,D,91,167.42,2024-11-25
ITM12717,Apparel,31,27,49.5,0.26,L100,B,13,69.67,2024-05-23
ITM12718,Automotive,160,64,24.63,0.89,L75,C,124,62.91,2024-04-18
ITM12719,Pharma,273,59,29.03,0.57,L74,A,104,55.93,2024-03-17
ITM12720,Apparel,62,23,31.18,0.88,L30,A,104,84.72,2024-04-05
ITM12721,Electronics,36,83,39.69,0.34,L93,D,146,26.57,2024-03-21
ITM12722,Automotive,82,18,40.79,0.26,L7,A,40,137.13,2024-07-04
ITM12723,Groceries,272,20,10.5,0.12,L75,D,142,166.22,2024-11-04
ITM12724,Pharma,484,72,12.6,0.18,L62,B,25,136.1,2024-03-01
ITM12725,Apparel,395,85,43.96,0.23,L22,C,51,90.03,2024-12-04
ITM12726,Electronics,311,76,41.16,0.17,L68,A,178,64.9,2024-04-27
ITM12727,Groceries,488,62,31.26,0.91,L81,C,39,87.79,2024-07-31
ITM12728,Apparel,27,48,49.74,0.92,L93,A,35,90.53,2024-06-18
ITM12729,Apparel,344,87,37.02,0.94,L80,B,40,136.54,2024-02-28
ITM12730,Groceries,109,65,11.58,0.96,L100,A,59,186.33,2024-09-03
ITM12731,Electronics,227,37,42.49,0.54,L49,A,152,23.41,2024-12-11
ITM12732,Electronics,311,84,21.32,0.58,L19,B,61,191.14,2024-09-02
ITM12733,Automotive,303,48,2.77,0.22,L88,D,175,182.94,2024-09-02
ITM12734,Pharma,137,34,16.75,0.22,L32,D,47,32.37,2024-04-17
ITM12735,Groceries,368,30,38.41,0.8,L5,B,29,44.88,2024-10-29
ITM12736,Groceries,194,19,48.05,0.87,L74,D,108,69.2,2024-03-23
ITM12737,Groceries,95,52,14.53,0.81,L90,A,53,116.34,2024-11-27
ITM12738,Electronics,120,24,13.08,0.85,L15,C,120,35.55,2024-07-29
ITM12739,Pharma,433,92,28.62,0.35,L25,B,98,48.06,2024-01-12
ITM12740,Automotive,170,57,40.77,0.52,L3,A,72,181.51,2024-05-04
ITM12741,Apparel,419,95,37.58,0.51,L57,B,127,30.77,2024-01-23
ITM12742,Apparel,289,30,28.44,1.0,L41,C,159,85.79,2024-03-06
ITM12743,Groceries,477,69,31.94,0.95,L54,A,81,154.97,2024-10-20
ITM12744,Pharma,90,59,12.86,0.64,L20,A,63,178.83,2024-10-30
ITM12745,Electronics,199,32,22.2,0.22,L53,C,146,73.85,2024-03-23
ITM12746,Pharma,143,22,13.51,0.33,L89,C,152,41.24,2024-03-09
ITM12747,Pharma,400,78,44.34,0.43,L27,D,57,150.03,2024-11-18
ITM12748,Electronics,312,13,6.52,0.89,L53,A,157,156.79,2024-09-19
ITM12749,Groceries,304,87,34.31,0.25,L65,C,172,196.21,2024-01-21
ITM12750,Pharma,214,81,13.75,0.3,L100,C,110,36.51,2024-10-20
ITM12751,Apparel,418,18,24.3,0.41,L79,A,69,144.79,2024-03-16
ITM12752,Electronics,247,44,15.67,0.93,L61,D,107,89.29,2024-01-29
ITM12753,Automotive,450,30,16.84,0.55,L95,B,171,183.78,2024-03-26
ITM12754,Groceries,449,67,13.76,0.68,L94,D,109,87.49,2024-05-12
ITM12755,Electronics,455,27,37.89,0.45,L8,C,108,94.73,2024-04-02
ITM12756,Automotive,294,81,18.92,0.27,L91,B,82,34.09,2024-09-21
ITM12757,Automotive,480,90,36.59,0.3,L18,B,128,70.98,2024-07-26
ITM12758,Pharma,125,52,23.35,0.82,L67,D,137,86.16,2024-11-02
ITM12759,Pharma,40,15,27.82,0.9,L27,B,149,13.33,2024-10-15
ITM12760,Pharma,83,95,27.62,0.54,L72,C,97,93.14,2024-11-22
ITM12761,Electronics,184,87,48.82,0.42,L42,A,114,73.9,2024-01-10
ITM12762,Electronics,46,76,18.99,0.83,L85,A,28,162.73,2024-12-04
ITM12763,Groceries,330,21,11.18,0.71,L62,A,89,30.35,2024-05-25
ITM12764,Pharma,304,21,45.68,0.14,L68,D,35,154.44,2024-02-13
ITM12765,Automotive,167,75,9.57,0.42,L49,A,160,145.66,2024-04-20
ITM12766,Apparel,300,11,41.89,0.71,L41,A,130,55.94,2024-08-17
ITM12767,Groceries,345,24,8.36,0.62,L23,A,42,25.82,2024-11-06
ITM12768,Electronics,338,32,33.28,0.98,L59,B,115,169.95,2024-08-29
ITM12769,Groceries,183,38,8.38,0.88,L69,B,39,57.39,2024-09-03
ITM12770,Groceries,405,90,46.23,0.15,L44,B,160,37.66,2024-03-28
ITM12771,Groceries,425,16,28.69,0.75,L70,C,135,78.22,2024-04-22
ITM12772,Groceries,243,37,17.13,0.4,L46,C,45,86.17,2024-07-29
ITM12773,Apparel,291,23,7.88,0.71,L87,C,134,71.96,2024-11-03
ITM12774,Pharma,165,53,19.19,0.66,L99,A,133,195.53,2024-03-14
ITM12775,Automotive,472,39,35.55,0.55,L93,B,127,177.36,2024-10-25
ITM12776,Groceries,457,90,19.86,0.87,L88,C,132,175.87,2024-04-03
ITM12777,Groceries,375,41,13.06,0.74,L83,D,46,85.77,2024-11-15
ITM12778,Groceries,49,79,29.29,0.9,L89,B,70,192.95,2024-12-03
ITM12779,Pharma,64,97,21.47,0.35,L34,A,105,139.96,2024-09-18
ITM12780,Electronics,294,15,9.12,0.41,L79,B,129,168.08,2024-05-15
ITM12781,Electronics,490,36,8.55,0.66,L62,A,21,105.17,2024-03-26
ITM12782,Apparel,53,91,35.67,0.97,L25,C,131,40.52,2024-12-17
ITM12783,Electronics,160,97,48.76,0.43,L32,A,44,178.51,2024-06-24
ITM12784,Groceries,446,33,12.42,0.13,L36,A,76,102.42,2024-08-20
ITM12785,Groceries,337,43,38.88,0.5,L72,D,47,194.03,2024-11-01
ITM12786,Groceries,393,49,5.29,0.59,L39,B,33,58.42,2024-10-29
ITM12787,Apparel,240,56,19.7,0.82,L29,A,90,198.55,2024-02-05
ITM12788,Groceries,375,88,25.83,0.76,L39,D,177,52.26,2024-04-27
ITM12789,Electronics,41,84,14.17,0.97,L99,D,81,79.95,2024-07-12
ITM12790,Pharma,199,95,26.95,0.8,L37,D,88,122.86,2024-07-16
ITM12791,Pharma,455,33,44.25,0.37,L91,C,123,141.73,2024-03-08
ITM12792,Automotive,386,74,47.28,0.68,L27,C,54,146.85,2024-02-25
ITM12793,Electronics,439,27,5.93,0.71,L89,A,134,100.49,2024-01-09
ITM12794,Groceries,348,53,14.32,1.0,L91,B,105,24.6,2024-04-13
ITM12795,Pharma,250,85,48.98,0.22,L63,C,22,104.25,2024-09-24
ITM12796,Electronics,422,66,14.25,0.27,L41,C,119,73.59,2024-09-15
ITM12797,Pharma,57,37,34.94,0.24,L62,A,15,134.95,2024-12-16
ITM12798,Groceries,89,80,13.42,0.63,L45,A,106,44.63,2024-08-02
ITM12799,Pharma,135,32,18.46,0.22,L72,C,80,84.84,2024-03-17
ITM12800,Automotive,258,94,10.37,0.69,L93,A,56,193.56,2024-11-06
ITM12801,Automotive,354,43,42.96,0.82,L36,D,102,26.88,2024-02-19
ITM12802,Pharma,460,20,44.25,0.49,L37,A,110,124.44,2024-03-31
ITM12803,Electronics,167,95,15.55,0.6,L16,D,53,27.22,2024-08-31
ITM12804,Electronics,28,44,41.36,0.92,L74,C,41,39.83,2024-11-10
ITM12805,Electronics,307,51,18.55,0.61,L87,B,12,124.94,2024-11-03
ITM12806,Pharma,407,37,5.85,0.29,L70,D,93,94.36,2024-01-20
ITM12807,Electronics,69,91,38.15,0.41,L49,B,175,114.21,2024-09-29
ITM12808,Groceries,357,87,30.23,0.58,L51,C,13,177.18,2024-09-14
ITM12809,Automotive,24,91,14.44,0.24,L45,A,154,165.28,2024-03-01
ITM12810,Groceries,423,33,13.4,0.65,L99,D,174,178.72,2024-02-17
ITM12811,Electronics,362,17,48.81,1.0,L19,D,97,127.09,2024-09-03
ITM12812,Groceries,145,62,43.26,0.69,L38,C,115,103.03,2024-12-03
ITM12813,Electronics,94,81,40.68,0.44,L6,C,114,97.25,2024-03-07
ITM12814,Pharma,184,13,7.27,0.4,L37,A,45,150.56,2024-11-04
ITM12815,Groceries,297,14,38.0,0.94,L92,B,67,109.05,2024-10-03
ITM12816,Pharma,461,58,11.51,0.88,L11,D,178,30.1,2024-01-01
ITM12817,Pharma,343,39,48.89,0.53,L45,B,17,36.97,2024-12-13
ITM12818,Apparel,496,81,3.55,0.42,L57,D,167,77.85,2024-11-28
ITM12819,Electronics,319,72,18.25,0.74,L84,D,95,22.89,2024-08-08
ITM12820,Automotive,309,56,22.0,0.38,L33,A,106,55.45,2024-09-24
ITM12821,Electronics,96,35,41.39,0.21,L96,D,162,134.72,2024-08-03
ITM12822,Automotive,317,66,38.54,0.38,L62,D,68,12.36,2024-07-08
ITM12823,Electronics,156,46,19.37,0.49,L28,C,39,124.78,2024-01-23
ITM12824,Pharma,125,16,28.71,0.33,L26,A,110,156.75,2024-12-23
ITM12825,Groceries,114,49,41.94,0.3,L69,C,76,42.33,2024-09-28
ITM12826,Groceries,154,48,1.89,0.11,L35,D,141,44.38,2024-08-07
ITM12827,Apparel,87,71,40.31,0.67,L72,A,102,15.48,2024-04-27
ITM12828,Automotive,166,87,47.4,0.65,L90,D,72,107.37,2024-09-03
ITM12829,Automotive,497,62,2.57,0.27,L35,A,41,134.37,2024-07-14
ITM12830,Automotive,178,13,3.23,0.95,L18,B,96,96.81,2024-06-28
ITM12831,Pharma,403,91,17.88,0.47,L14,B,60,84.0,2024-10-28
ITM12832,Automotive,182,34,5.3,0.12,L79,A,72,96.34,2024-12-22
ITM12833,Groceries,460,16,24.48,0.3,L95,D,89,158.49,2024-10-21
ITM12834,Pharma,360,37,36.71,0.72,L76,A,96,16.37,2024-02-20
ITM12835,Electronics,208,78,28.78,0.28,L31,D,119,158.93,2024-08-05
ITM12836,Automotive,434,76,10.63,0.15,L32,B,110,136.61,2024-03-09
ITM12837,Automotive,358,29,33.09,0.66,L7,D,138,55.87,2024-05-10
ITM12838,Electronics,114,92,34.56,0.57,L86,C,28,109.7,2024-09-01
ITM12839,Automotive,200,20,46.69,0.79,L68,B,110,19.37,2024-04-29
ITM12840,Electronics,307,76,8.19,0.8,L29,C,172,82.12,2024-02-12
ITM12841,Pharma,341,96,34.92,0.96,L82,B,103,43.07,2024-05-25
ITM12842,Groceries,206,16,45.66,0.15,L30,B,90,14.24,2024-11-02
ITM12843,Electronics,391,32,25.58,0.14,L7,C,112,77.85,2024-10-05
ITM12844,Apparel,157,70,18.73,0.99,L13,A,122,147.96,2024-07-28
ITM12845,Electronics,149,80,9.37,0.68,L53,D,163,184.99,2024-05-11
ITM12846,Automotive,213,43,43.47,0.74,L43,B,22,135.83,2024-04-06
ITM12847,Pharma,335,28,20.32,0.19,L92,D,127,86.37,2024-01-03
ITM12848,Pharma,491,67,46.32,0.16,L61,B,95,199.9,2024-12-29
ITM12849,Electronics,292,18,42.54,0.24,L13,D,32,63.76,2024-01-04
ITM12850,Groceries,371,57,19.46,0.48,L88,B,116,45.55,2024-10-22
ITM12851,Apparel,163,91,29.12,0.2,L99,A,172,98.1,2024-09-24
ITM12852,Pharma,35,50,2.33,0.5,L18,B,21,105.93,2024-03-01
ITM12853,Automotive,321,57,13.9,0.61,L1,A,146,77.42,2024-09-23
ITM12854,Automotive,442,54,35.8,0.1,L71,B,87,142.14,2024-01-04
ITM12855,Groceries,264,34,34.22,0.2,L21,D,76,44.93,2024-07-11
ITM12856,Pharma,434,87,18.32,0.44,L53,C,117,106.96,2024-12-01
ITM12857,Electronics,126,34,40.62,0.15,L84,B,53,105.02,2024-04-15
ITM12858,Automotive,107,28,12.56,0.22,L61,B,158,166.52,2024-12-18
ITM12859,Groceries,148,48,23.6,0.31,L62,A,16,186.12,2024-06-10
ITM12860,Pharma,414,88,24.15,0.49,L84,D,137,136.02,2024-07-28
ITM12861,Pharma,394,89,17.7,0.74,L26,A,106,68.02,2024-07-04
ITM12862,Pharma,360,36,47.78,0.22,L97,D,20,141.03,2024-02-24
ITM12863,Pharma,23,83,35.14,0.76,L37,D,169,57.76,2024-03-20
ITM12864,Pharma,346,72,27.42,0.87,L42,A,115,193.64,2024-08-06
ITM12865,Automotive,429,77,26.02,0.69,L37,C,92,166.25,2024-11-29
ITM12866,Groceries,386,28,8.81,0.14,L83,D,45,91.93,2024-10-26
ITM12867,Pharma,325,37,19.24,0.5,L8,C,127,159.03,2024-05-09
ITM12868,Apparel,415,94,33.97,0.69,L99,A,174,87.64,2024-05-13
ITM12869,Apparel,114,87,46.3,0.98,L12,C,50,24.18,2024-10-01
ITM12870,Groceries,228,42,41.01,0.96,L84,D,101,144.29,2024-08-04
ITM12871,Electronics,244,19,15.72,0.46,L74,A,58,86.88,2024-10-16
ITM12872,Electronics,478,92,22.26,0.65,L30,C,152,186.76,2024-07-06
ITM12873,Electronics,367,39,5.06,0.9,L69,A,150,68.25,2024-11-09
ITM12874,Apparel,499,31,6.01,0.85,L95,A,62,170.23,2024-05-21
ITM12875,Electronics,340,12,24.04,0.53,L93,C,116,139.28,2024-12-14
ITM12876,Automotive,66,91,26.98,0.34,L5,D,42,172.13,2024-07-22
ITM12877,Pharma,495,84,13.94,0.22,L23,D,128,65.46,2024-04-14
ITM12878,Apparel,200,57,32.5,0.54,L54,D,41,97.66,2024-07-30
ITM12879,Groceries,125,11,35.47,0.75,L23,D,127,166.39,2024-10-09
ITM12880,Groceries,218,85,15.66,0.97,L5,B,71,132.33,2024-10-12
ITM12881,Pharma,405,63,38.16,0.88,L51,A,91,78.39,2024-09-04
ITM12882,Apparel,125,15,11.07,0.28,L64,A,139,107.28,2024-04-01
ITM12883,Electronics,299,49,27.67,0.75,L24,B,86,199.26,2024-07-08
ITM12884,Electronics,279,11,40.41,0.36,L96,A,25,150.95,2024-10-13
ITM12885,Automotive,127,82,27.31,0.72,L38,A,132,126.76,2024-10-11
ITM12886,Automotive,38,11,45.49,0.7,L5,C,17,167.3,2024-09-04
ITM12887,Electronics,429,83,3.87,0.35,L2,B,156,93.99,2024-05-09
ITM12888,Groceries,478,64,29.83,0.31,L39,A,169,190.51,2024-06-06
ITM12889,Groceries,315,81,28.53,0.19,L73,A,76,114.88,2024-10-22
ITM12890,Automotive,325,69,33.36,0.15,L78,B,124,72.11,2024-06-25
ITM12891,Pharma,190,15,41.84,0.87,L14,B,122,26.34,2024-12-27
ITM12892,Electronics,350,28,36.57,0.14,L43,C,41,81.38,2024-07-22
ITM12893,Automotive,214,36,39.72,0.18,L37,C,114,118.04,2024-03-11
ITM12894,Automotive,31,10,15.15,0.31,L59,D,34,143.62,2024-12-03
ITM12895,Electronics,214,42,19.99,0.9,L83,D,62,176.27,2024-03-01
ITM12896,Electronics,302,49,31.71,0.4,L70,C,90,189.35,2024-04-27
ITM12897,Groceries,388,41,28.12,0.27,L68,A,34,29.47,2024-08-16
ITM12898,Pharma,201,78,48.09,0.74,L64,B,42,124.17,2024-12-24
ITM12899,Pharma,469,26,10.15,0.39,L18,C,40,136.65,2024-03-23
ITM12900,Electronics,324,17,18.21,0.4,L65,D,45,42.69,2024-02-21
ITM12901,Apparel,163,66,29.07,0.77,L60,B,96,113.66,2024-04-19
ITM12902,Automotive,405,51,43.53,0.33,L35,D,132,73.62,2024-09-17
ITM12903,Automotive,335,18,46.54,0.91,L25,A,53,24.71,2024-07-24
ITM12904,Electronics,201,96,17.47,0.61,L15,A,57,22.51,2024-06-22
ITM12905,Apparel,49,44,4.29,0.58,L43,D,167,154.25,2024-10-08
ITM12906,Groceries,103,80,21.66,0.34,L21,B,22,126.94,2024-11-10
ITM12907,Electronics,185,88,20.32,0.85,L94,D,153,145.87,2024-12-22
ITM12908,Electronics,303,62,49.34,0.62,L59,B,100,140.2,2024-12-16
ITM12909,Automotive,300,63,22.12,0.24,L83,C,163,35.52,2024-12-27
ITM12910,Electronics,115,93,15.98,0.29,L33,D,174,38.8,2024-01-27
ITM12911,Electronics,400,34,18.9,0.52,L92,D,140,57.97,2024-03-23
ITM12912,Electronics,285,76,20.45,0.8,L24,B,163,85.83,2024-07-18
ITM12913,Automotive,463,71,41.26,0.95,L2,C,152,188.44,2024-11-21
ITM12914,Groceries,317,64,4.97,0.7,L95,B,75,138.04,2024-01-03
ITM12915,Groceries,315,55,16.51,0.56,L44,B,37,58.48,2024-02-16
ITM12916,Electronics,244,33,48.35,0.33,L38,D,134,20.64,2024-03-15
ITM12917,Automotive,352,55,8.5,0.71,L73,D,175,140.0,2024-08-29
ITM12918,Groceries,380,31,37.39,0.98,L87,B,89,128.81,2024-11-03
ITM12919,Groceries,393,20,18.46,0.53,L97,A,141,138.4,2024-08-10
ITM12920,Groceries,61,57,29.51,0.25,L25,A,81,59.62,2024-02-15
ITM12921,Automotive,322,17,5.88,0.19,L23,A,53,108.22,2024-02-02
ITM12922,Automotive,440,48,16.01,0.34,L79,D,128,78.72,2024-05-14
ITM12923,Electronics,265,44,25.54,0.61,L82,D,55,165.36,2024-04-23
ITM12924,Pharma,227,58,12.35,0.95,L52,C,93,23.19,2024-07-08
ITM12925,Groceries,256,55,27.55,0.37,L55,D,35,62.33,2024-02-10
ITM12926,Pharma,41,47,11.77,0.37,L66,C,105,124.56,2024-11-07
ITM12927,Automotive,204,17,32.85,0.53,L42,D,22,48.99,2024-01-20
ITM12928,Automotive,487,63,45.31,0.93,L12,A,134,137.82,2024-07-15
ITM12929,Automotive,261,46,5.19,0.48,L52,A,78,35.99,2024-07-24
ITM12930,Pharma,382,49,11.61,0.3,L86,B,60,14.33,2024-11-10
ITM12931,Automotive,302,43,42.38,0.25,L13,B,22,174.06,2024-12-01
ITM12932,Electronics,60,88,31.95,0.51,L24,C,178,73.35,2024-09-23
ITM12933,Automotive,355,26,4.86,0.82,L18,C,148,39.8,2024-05-26
ITM12934,Apparel,181,42,24.83,0.36,L62,B,174,42.81,2024-12-30
ITM12935,Pharma,179,56,11.28,0.56,L42,C,69,178.32,2024-11-01
ITM12936,Apparel,493,61,10.76,0.64,L32,D,41,134.34,2024-01-30
ITM12937,Automotive,108,89,47.09,0.51,L1,A,27,191.71,2024-03-30
ITM12938,Electronics,341,18,38.32,0.27,L34,B,102,162.01,2024-11-23
ITM12939,Groceries,31,42,35.12,0.93,L50,B,157,155.83,2024-09-10
ITM12940,Automotive,443,69,12.71,0.61,L31,D,53,104.97,2024-08-12
ITM12941,Electronics,92,86,6.81,0.76,L58,C,173,165.95,2024-01-06
ITM12942,Pharma,95,30,43.67,0.67,L97,B,46,88.4,2024-04-13
ITM12943,Apparel,365,67,1.29,1.0,L35,B,170,167.13,2024-12-02
ITM12944,Apparel,220,94,20.02,0.51,L43,D,136,153.97,2024-09-22
ITM12945,Apparel,29,78,14.6,0.48,L39,A,28,138.9,2024-05-26
ITM12946,Pharma,371,19,28.95,0.42,L75,B,41,72.65,2024-04-09
ITM12947,Electronics,245,15,13.27,0.43,L93,B,115,129.84,2024-01-18
ITM12948,Pharma,195,22,16.25,0.35,L74,D,31,106.29,2024-11-02
ITM12949,Apparel,295,74,42.65,0.98,L2,B,131,97.69,2024-09-18
ITM12950,Automotive,58,29,30.56,0.88,L34,B,138,198.15,2024-09-21
ITM12951,Groceries,79,66,8.14,0.39,L84,A,63,105.84,2024-12-23
ITM12952,Pharma,85,55,36.6,0.37,L47,B,157,16.08,2024-04-28
ITM12953,Pharma,340,17,11.17,0.19,L89,D,67,129.03,2024-11-10
ITM12954,Electronics,454,19,22.22,0.89,L31,A,172,148.32,2024-03-27
ITM12955,Electronics,143,82,32.68,0.43,L8,A,79,178.18,2024-12-11
ITM12956,Pharma,183,76,14.32,0.62,L86,A,72,130.21,2024-01-19
ITM12957,Apparel,427,20,19.82,0.91,L16,C,12,13.7,2024-07-03
ITM12958,Groceries,430,21,36.97,0.47,L60,D,108,32.75,2024-05-02
ITM12959,Electronics,405,19,46.96,0.83,L40,C,54,40.64,2024-12-01
ITM12960,Apparel,178,34,26.93,0.49,L21,B,152,50.14,2024-01-01
ITM12961,Automotive,76,58,1.49,0.73,L52,A,26,161.96,2024-03-21
ITM12962,Electronics,97,58,17.58,0.49,L88,C,152,68.85,2024-02-14
ITM12963,Apparel,213,98,20.53,0.45,L65,B,14,69.35,2024-05-21
ITM12964,Apparel,304,20,17.62,0.99,L91,C,20,153.56,2024-07-23
ITM12965,Groceries,34,71,22.38,0.65,L99,A,101,88.36,2024-06-29
ITM12966,Groceries,31,45,32.0,0.43,L40,B,151,22.28,2024-12-08
ITM12967,Automotive,120,48,6.94,0.33,L89,A,48,121.17,2024-07-21
ITM12968,Apparel,175,62,14.36,0.14,L16,A,51,34.71,2024-07-26
ITM12969,Apparel,359,99,25.87,0.74,L82,C,103,118.62,2024-10-27
ITM12970,Groceries,144,87,16.46,0.43,L38,D,14,158.13,2024-04-12
ITM12971,Electronics,378,65,49.56,0.84,L48,B,61,186.6,2024-09-22
ITM12972,Electronics,299,10,22.14,0.43,L79,B,159,22.74,2024-01-08
ITM12973,Pharma,424,65,43.62,0.44,L29,D,53,67.75,2024-12-26
ITM12974,Groceries,413,13,44.93,0.8,L29,B,124,133.97,2024-02-05
ITM12975,Pharma,129,39,41.96,0.54,L18,C,162,69.94,2024-02-16
ITM12976,Groceries,353,21,3.3,0.9,L62,B,136,95.69,2024-10-08
ITM12977,Automotive,376,44,47.44,0.63,L20,C,125,13.82,2024-05-25
ITM12978,Apparel,165,86,7.31,0.32,L59,B,158,141.76,2024-10-13
ITM12979,Automotive,235,61,2.69,0.61,L96,C,77,177.82,2024-10-25
ITM12980,Groceries,417,40,21.3,0.1,L78,D,56,195.6,2024-06-27
ITM12981,Apparel,181,96,10.54,0.38,L48,B,136,167.8,2024-06-26
ITM12982,Electronics,147,77,10.03,0.29,L54,C,44,16.04,2024-05-21
ITM12983,Electronics,333,61,15.1,0.69,L90,A,16,133.85,2024-04-25
ITM12984,Pharma,351,89,13.17,0.22,L71,A,125,104.18,2024-11-06
ITM12985,Groceries,169,16,34.55,0.36,L61,A,61,188.2,2024-04-09
ITM12986,Groceries,473,31,10.15,0.4,L97,B,119,181.41,2024-08-20
ITM12987,Electronics,55,84,27.61,0.1,L69,C,55,197.73,2024-07-25
ITM12988,Automotive,192,65,49.33,0.14,L86,A,146,173.77,2024-10-21
ITM12989,Apparel,439,67,22.19,0.38,L28,B,32,113.91,2024-01-03
ITM12990,Automotive,41,73,32.45,0.3,L98,C,140,145.83,2024-05-13
ITM12991,Automotive,225,21,48.5,0.21,L32,A,136,193.29,2024-03-30
ITM12992,Electronics,146,16,7.74,0.24,L88,A,18,119.84,2024-07-27
ITM12993,Electronics,355,64,21.51,0.85,L97,B,62,169.6,2024-09-16
ITM12994,Electronics,464,71,42.66,0.71,L77,C,57,189.02,2024-02-24
ITM12995,Pharma,375,99,46.68,0.54,L11,B,132,118.4,2024-10-13
ITM12996,Automotive,459,82,30.46,0.92,L68,A,91,40.24,2024-02-07
ITM12997,Groceries,236,86,8.03,0.13,L58,B,118,39.56,2024-09-14
ITM12998,Apparel,115,64,45.17,0.41,L68,B,16,31.91,2024-05-30
ITM12999,Pharma,436,45,9.55,0.84,L91,A,108,100.5,2024-06-23
ITM13000,Groceries,448,98,18.29,0.67,L47,A,40,101.23,2024-02-29
ITM13001,Automotive,183,33,19.4,0.98,L10,C,111,127.3,2024-09-19
ITM13002,Electronics,167,53,22.92,0.95,L73,C,65,101.75,2024-05-11
ITM13003,Automotive,37,26,39.72,0.25,L15,A,108,194.88,2024-10-02
ITM13004,Apparel,313,11,40.31,0.97,L8,A,14,65.35,2024-10-21
ITM13005,Pharma,214,22,36.26,0.95,L71,D,39,176.03,2024-05-08
ITM13006,Pharma,170,40,2.08,0.44,L65,D,31,29.06,2024-12-21
ITM13007,Apparel,499,37,28.68,0.98,L26,C,154,124.36,2024-08-14
ITM13008,Groceries,384,69,37.63,0.13,L74,B,147,133.18,2024-07-12
ITM13009,Groceries,142,36,22.79,0.69,L69,A,179,156.72,2024-10-15
ITM13010,Pharma,419,24,47.3,0.34,L20,A,36,105.57,2024-09-04
ITM13011,Pharma,206,88,41.37,0.22,L22,B,136,47.47,2024-05-04
ITM13012,Electronics,472,42,32.27,0.62,L42,C,144,80.11,2024-06-22
ITM13013,Groceries,471,29,4.06,0.38,L67,D,32,61.71,2024-08-22
ITM13014,Apparel,168,51,32.96,0.7,L57,C,84,89.63,2024-12-14
ITM13015,Groceries,123,21,45.67,0.59,L15,B,126,110.69,2024-08-23
ITM13016,Electronics,262,82,19.59,0.45,L88,A,145,128.76,2024-10-27
ITM13017,Pharma,481,32,42.07,0.26,L27,D,17,170.57,2024-01-15
ITM13018,Pharma,250,81,16.34,0.64,L92,B,110,182.9,2024-09-03
ITM13019,Electronics,498,23,28.94,0.85,L75,A,14,97.89,2024-02-29
ITM13020,Apparel,225,34,32.77,0.64,L63,C,95,26.85,2024-05-12
ITM13021,Pharma,217,86,34.22,0.65,L12,D,139,161.44,2024-02-04
ITM13022,Automotive,415,94,44.24,0.56,L66,A,21,100.66,2024-07-14
ITM13023,Pharma,419,40,12.5,0.45,L58,A,56,113.82,2024-11-20
ITM13024,Automotive,356,63,13.86,0.51,L8,A,35,123.2,2024-04-22
ITM13025,Electronics,106,14,35.5,0.99,L59,A,111,136.89,2024-12-12
ITM13026,Electronics,161,22,9.68,0.77,L17,A,129,179.12,2024-12-25
ITM13027,Pharma,336,37,23.75,0.49,L66,C,79,190.91,2024-04-27
ITM13028,Groceries,218,52,1.98,0.51,L54,B,11,188.63,2024-06-10
ITM13029,Automotive,65,98,7.91,0.55,L59,D,35,163.8,2024-07-30
ITM13030,Apparel,307,56,34.26,0.69,L73,C,23,178.96,2024-06-29
ITM13031,Pharma,34,80,37.63,0.52,L8,D,91,19.43,2024-09-21
ITM13032,Apparel,63,47,6.65,0.72,L72,A,111,171.33,2024-10-01
ITM13033,Pharma,420,76,12.16,0.4,L60,B,41,23.73,2024-01-05
ITM13034,Groceries,188,71,5.85,0.47,L87,A,71,151.78,2024-12-24
ITM13035,Groceries,329,48,22.24,0.88,L40,C,124,42.18,2024-05-14
ITM13036,Groceries,63,46,7.18,0.4,L93,C,39,78.42,2024-05-07
ITM13037,Groceries,117,95,22.43,0.97,L3,D,150,44.99,2024-05-27
ITM13038,Electronics,280,17,36.87,0.26,L51,A,177,94.26,2024-02-17
ITM13039,Electronics,128,90,34.49,0.32,L33,A,40,88.23,2024-07-23
ITM13040,Automotive,302,61,14.74,0.52,L1,B,46,19.13,2024-12-10
ITM13041,Apparel,391,42,34.01,0.82,L96,B,111,167.79,2024-06-24
ITM13042,Pharma,362,90,46.46,0.76,L28,A,137,172.3,2024-02-08
ITM13043,Pharma,123,51,18.03,0.26,L75,D,95,159.63,2024-10-10
ITM13044,Electronics,275,85,17.13,0.31,L10,B,68,171.05,2024-04-01
ITM13045,Pharma,398,36,29.0,0.62,L6,A,37,152.67,2024-08-31
ITM13046,Electronics,225,17,13.03,0.37,L55,A,131,188.12,2024-06-09
ITM13047,Automotive,354,32,32.93,0.48,L45,A,70,119.51,2024-06-30
ITM13048,Apparel,62,73,41.78,0.54,L90,C,156,120.7,2024-04-21
ITM13049,Automotive,372,29,23.51,0.63,L9,D,25,173.38,2024-10-20
ITM13050,Groceries,264,25,34.3,0.33,L70,A,78,76.39,2024-05-17
ITM13051,Groceries,306,26,32.94,0.25,L8,A,53,19.52,2024-04-03
ITM13052,Groceries,374,89,2.89,0.46,L9,A,122,152.47,2024-12-15
ITM13053,Automotive,292,28,9.99,0.17,L61,B,147,58.37,2024-04-07
ITM13054,Pharma,495,17,44.78,0.57,L5,A,28,100.1,2024-09-12
ITM13055,Apparel,102,47,47.01,0.86,L37,C,93,55.68,2024-04-12
ITM13056,Groceries,129,47,39.24,0.21,L53,C,102,167.15,2024-04-30
ITM13057,Groceries,457,62,46.14,0.2,L24,D,150,192.08,2024-05-03
ITM13058,Groceries,209,99,16.0,0.17,L99,A,153,20.45,2024-05-15
ITM13059,Apparel,490,40,13.14,0.86,L18,A,172,54.34,2024-04-15
ITM13060,Groceries,307,53,19.83,0.17,L99,A,109,46.02,2024-04-27
ITM13061,Apparel,443,69,3.71,0.99,L83,C,48,137.91,2024-04-13
ITM13062,Groceries,416,85,40.68,0.42,L94,B,76,91.45,2024-05-07
ITM13063,Automotive,270,26,49.22,0.4,L83,B,82,96.69,2024-11-12
ITM13064,Automotive,231,88,41.38,0.18,L54,A,59,39.85,2024-07-01
ITM13065,Apparel,310,82,28.19,0.63,L48,B,62,88.8,2024-03-20
ITM13066,Automotive,152,48,15.47,0.63,L49,D,55,67.61,2024-02-24
ITM13067,Apparel,220,51,10.69,0.54,L58,C,61,126.13,2024-03-02
ITM13068,Automotive,304,57,18.84,0.38,L49,A,133,51.28,2024-02-10
ITM13069,Automotive,345,21,33.68,0.43,L49,B,166,126.81,2024-12-12
ITM13070,Apparel,428,98,22.91,0.39,L11,A,14,81.77,2024-12-05
ITM13071,Pharma,114,27,46.77,0.48,L88,A,83,75.8,2024-09-09
ITM13072,Automotive,297,88,42.86,0.41,L85,C,104,68.06,2024-11-10
ITM13073,Groceries,469,15,6.02,0.71,L70,C,84,138.03,2024-01-04
ITM13074,Pharma,448,52,7.44,0.37,L18,B,177,116.86,2024-10-04
ITM13075,Apparel,344,44,34.14,0.42,L84,C,125,171.83,2024-01-22
ITM13076,Pharma,238,63,12.31,0.49,L45,D,139,55.91,2024-09-03
ITM13077,Electronics,108,71,39.76,0.1,L16,A,77,17.62,2024-07-09
ITM13078,Electronics,91,78,29.98,0.54,L23,C,89,44.58,2024-11-13
ITM13079,Automotive,266,91,12.26,0.33,L69,B,114,75.24,2024-06-10
ITM13080,Automotive,148,25,24.46,0.15,L51,B,78,44.13,2024-09-09
ITM13081,Groceries,231,17,20.9,0.92,L68,B,172,25.87,2024-10-21
ITM13082,Pharma,447,98,43.78,0.39,L17,D,151,94.61,2024-05-20
ITM13083,Electronics,362,99,2.58,0.48,L94,C,152,138.62,2024-09-08
ITM13084,Automotive,115,95,44.9,0.84,L29,C,143,152.8,2024-04-03
ITM13085,Pharma,94,40,32.95,0.25,L1,D,25,85.76,2024-09-18
ITM13086,Automotive,442,19,37.14,0.87,L97,C,96,100.83,2024-05-23
ITM13087,Automotive,73,65,1.13,0.32,L3,C,133,153.54,2024-07-22
ITM13088,Electronics,363,85,31.78,0.63,L39,C,149,77.01,2024-04-23
ITM13089,Electronics,478,79,29.84,0.72,L60,D,50,159.11,2024-10-22
ITM13090,Automotive,432,29,27.32,0.91,L87,D,128,193.8,2024-03-06
ITM13091,Apparel,73,14,39.51,0.65,L93,B,28,177.29,2024-01-28
ITM13092,Automotive,237,32,28.24,0.51,L70,D,85,96.18,2024-09-26
ITM13093,Automotive,35,18,43.0,0.62,L55,D,118,120.11,2024-08-04
ITM13094,Groceries,118,67,12.4,0.28,L69,B,128,146.12,2024-09-01
ITM13095,Groceries,39,68,40.49,0.72,L49,D,122,76.37,2024-10-03
ITM13096,Groceries,65,89,9.79,0.27,L30,C,11,161.86,2024-01-17
ITM13097,Apparel,470,63,40.84,0.6,L32,A,29,93.01,2024-09-14
ITM13098,Apparel,212,55,47.08,0.68,L59,B,128,170.9,2024-06-26
ITM13099,Automotive,402,31,17.45,0.91,L45,A,104,58.4,2024-07-20
ITM13100,Groceries,77,73,26.96,0.51,L20,A,146,12.16,2024-12-17
ITM13101,Apparel,456,17,33.26,0.8,L36,B,30,130.21,2024-03-30
ITM13102,Electronics,130,29,4.89,0.25,L25,A,17,95.86,2024-08-22
ITM13103,Automotive,148,60,25.21,0.24,L93,A,176,21.37,2024-03-02
ITM13104,Pharma,356,87,18.67,0.57,L98,B,174,102.65,2024-12-23
ITM13105,Automotive,213,48,43.75,0.64,L15,B,38,42.03,2024-09-22
ITM13106,Pharma,432,46,43.96,0.67,L5,C,44,129.65,2024-08-23
ITM13107,Groceries,359,59,35.34,0.77,L85,B,47,94.56,2024-06-10
ITM13108,Pharma,345,43,33.13,0.37,L54,D,99,42.51,2024-12-18
ITM13109,Groceries,27,84,36.95,0.66,L79,A,172,88.27,2024-01-05
ITM13110,Electronics,48,42,18.93,0.27,L99,B,77,54.21,2024-01-07
ITM13111,Pharma,131,40,20.82,0.3,L3,C,140,134.09,2024-12-11
ITM13112,Automotive,454,63,28.13,0.16,L31,B,118,66.08,2024-04-17
ITM13113,Groceries,180,53,46.96,0.77,L27,A,120,166.18,2024-07-13
ITM13114,Automotive,150,43,36.48,0.56,L9,B,21,12.69,2024-10-24
ITM13115,Apparel,207,80,28.0,0.31,L13,A,41,86.65,2024-02-21
ITM13116,Groceries,182,71,38.75,0.6,L77,B,72,127.25,2024-06-15
ITM13117,Pharma,216,32,19.17,0.42,L5,C,163,14.3,2024-07-04
ITM13118,Groceries,494,55,36.79,0.85,L58,D,52,51.01,2024-11-09
ITM13119,Automotive,383,65,21.12,0.58,L77,C,116,72.21,2024-05-12
ITM13120,Electronics,223,16,14.7,0.13,L87,B,47,14.15,2024-04-05
ITM13121,Groceries,231,98,30.88,0.99,L91,A,38,113.87,2024-10-07
ITM13122,Pharma,128,70,34.66,0.17,L7,C,64,129.86,2024-05-14
ITM13123,Apparel,295,12,23.51,0.73,L32,D,61,53.23,2024-05-01
ITM13124,Electronics,92,47,28.71,0.49,L95,D,124,113.26,2024-05-17
ITM13125,Apparel,186,93,35.01,0.32,L6,A,28,199.83,2024-08-29
ITM13126,Groceries,279,43,38.62,0.71,L52,B,44,178.51,2024-11-09
ITM13127,Automotive,262,53,44.88,0.21,L57,C,57,21.15,2024-06-24
ITM13128,Automotive,294,39,18.37,0.87,L30,C,119,34.3,2024-07-06
ITM13129,Pharma,121,26,47.62,0.33,L70,A,40,103.94,2024-04-04
ITM13130,Automotive,494,68,32.23,0.43,L28,C,12,56.59,2024-09-12
ITM13131,Electronics,192,19,39.6,0.67,L97,A,172,25.38,2024-08-05
ITM13132,Automotive,190,93,35.29,0.1,L100,A,97,58.37,2024-04-17
ITM13133,Pharma,160,27,11.07,0.53,L8,B,61,21.62,2024-08-02
ITM13134,Groceries,416,54,4.5,0.9,L18,A,80,110.68,2024-12-24
ITM13135,Groceries,207,68,36.59,0.71,L65,C,60,103.15,2024-07-09
ITM13136,Automotive,460,71,26.04,0.45,L38,A,65,11.2,2024-07-05
ITM13137,Apparel,105,68,35.41,0.69,L30,C,108,101.68,2024-07-24
ITM13138,Groceries,495,58,24.37,0.94,L94,A,30,108.76,2024-05-23
ITM13139,Automotive,71,72,16.3,0.27,L74,B,138,125.08,2024-08-18
ITM13140,Pharma,130,96,14.97,0.58,L41,B,117,194.32,2024-04-02
ITM13141,Automotive,456,41,36.8,0.31,L74,A,62,196.71,2024-10-19
ITM13142,Groceries,384,19,14.56,0.87,L77,A,15,110.12,2024-03-08
ITM13143,Pharma,361,20,36.02,0.75,L99,A,91,170.59,2024-10-21
ITM13144,Automotive,62,79,19.81,0.82,L87,B,88,26.18,2024-12-17
ITM13145,Electronics,230,71,38.77,0.95,L42,D,56,110.92,2024-04-27
ITM13146,Pharma,475,56,8.0,0.31,L31,A,105,138.99,2024-02-21
ITM13147,Electronics,219,43,11.04,0.14,L39,D,115,117.3,2024-05-18
ITM13148,Apparel,317,26,34.61,0.36,L19,A,91,53.84,2024-04-30
ITM13149,Pharma,365,63,28.45,0.46,L85,C,40,21.91,2024-10-11
ITM13150,Electronics,259,85,10.99,0.66,L67,B,166,83.47,2024-08-09
ITM13151,Groceries,134,94,45.24,0.82,L29,D,152,133.05,2024-07-14
ITM13152,Groceries,45,49,14.52,0.41,L53,D,67,198.43,2024-04-10
ITM13153,Apparel,426,28,21.63,0.53,L39,B,32,54.94,2024-03-15
ITM13154,Pharma,318,76,10.91,0.81,L36,D,175,184.38,2024-03-17
ITM13155,Pharma,96,91,20.01,0.3,L8,A,50,22.97,2024-08-30
ITM13156,Pharma,431,62,25.09,0.3,L72,D,24,186.89,2024-01-05
ITM13157,Apparel,156,73,15.47,0.63,L76,A,96,168.15,2024-03-31
ITM13158,Pharma,39,92,38.69,0.49,L95,D,12,13.98,2024-08-03
ITM13159,Groceries,459,56,20.3,0.95,L23,C,10,66.66,2024-09-12
ITM13160,Electronics,230,15,36.75,0.42,L81,D,84,19.68,2024-03-09
ITM13161,Groceries,259,25,11.15,0.78,L87,D,148,199.15,2024-11-18
ITM13162,Groceries,58,81,19.47,0.62,L55,A,85,91.29,2024-09-21
ITM13163,Electronics,454,27,1.39,0.15,L72,B,13,135.81,2024-09-30
ITM13164,Groceries,287,61,38.17,0.18,L64,C,34,54.5,2024-06-10
ITM13165,Apparel,226,57,31.67,0.28,L7,B,103,187.41,2024-09-06
ITM13166,Electronics,498,52,41.07,0.23,L45,A,177,62.09,2024-06-02
ITM13167,Groceries,458,48,23.32,0.4,L83,C,105,59.44,2024-05-08
ITM13168,Automotive,481,58,40.19,0.62,L86,D,117,69.77,2024-10-14
ITM13169,Groceries,286,21,32.73,0.64,L49,B,108,97.87,2024-10-17
ITM13170,Apparel,173,19,1.18,0.63,L68,B,104,13.52,2024-01-25
ITM13171,Pharma,61,80,13.43,0.21,L41,B,109,123.59,2024-07-22
ITM13172,Groceries,430,64,25.2,0.64,L90,D,100,16.02,2024-02-20
ITM13173,Pharma,30,10,31.32,0.47,L54,A,53,112.45,2024-12-19
ITM13174,Automotive,313,58,4.21,0.91,L53,D,137,97.0,2024-03-24
ITM13175,Groceries,117,45,35.55,0.92,L20,D,32,56.08,2024-01-31
ITM13176,Electronics,446,30,27.63,0.79,L39,A,32,72.66,2024-04-20
ITM13177,Pharma,294,46,26.76,0.73,L49,A,64,144.08,2024-05-10
ITM13178,Automotive,467,33,15.31,0.2,L24,D,170,11.82,2024-08-31
ITM13179,Electronics,409,64,30.15,0.18,L97,A,86,70.16,2024-11-18
ITM13180,Electronics,449,34,2.35,0.86,L69,B,72,139.26,2024-02-19
ITM13181,Electronics,391,16,4.17,0.48,L61,C,112,38.93,2024-08-18
ITM13182,Electronics,249,90,36.96,0.51,L31,A,69,116.47,2024-06-20
ITM13183,Groceries,388,80,16.77,0.86,L29,C,89,42.1,2024-05-13
ITM13184,Groceries,445,80,18.0,0.66,L39,B,104,39.4,2024-07-03
ITM13185,Groceries,239,33,11.21,0.26,L91,A,78,156.73,2024-07-03
ITM13186,Automotive,84,20,22.84,0.29,L19,D,123,60.64,2024-10-13
ITM13187,Automotive,374,82,3.55,0.11,L60,D,113,81.4,2024-10-12
ITM13188,Automotive,251,21,15.72,0.74,L8,B,117,148.7,2024-05-11
ITM13189,Apparel,347,44,26.83,0.54,L72,A,98,44.11,2024-06-25
ITM13190,Automotive,462,72,23.82,0.95,L53,D,30,111.03,2024-01-11
ITM13191,Groceries,71,77,49.98,0.74,L54,A,140,184.39,2024-07-29
ITM13192,Groceries,393,66,20.05,0.19,L72,C,19,115.23,2024-03-03
ITM13193,Apparel,450,22,19.96,0.25,L68,D,96,19.28,2024-06-28
ITM13194,Apparel,395,32,25.68,0.55,L18,B,179,122.04,2024-12-13
ITM13195,Automotive,282,92,10.32,0.93,L50,D,100,27.13,2024-11-06
ITM13196,Pharma,286,48,43.94,0.32,L32,B,146,63.6,2024-04-11
ITM13197,Apparel,378,97,29.04,0.84,L33,B,132,171.44,2024-10-22
ITM13198,Electronics,336,89,10.41,0.38,L27,C,13,12.1,2024-10-21
ITM13199,Groceries,343,21,39.88,0.34,L43,C,99,24.63,2024-11-28
ITM13200,Electronics,428,43,2.68,0.91,L83,B,105,79.04,2024-11-28
ITM13201,Groceries,415,80,49.15,0.14,L11,D,38,199.89,2024-10-02
ITM13202,Groceries,173,84,43.39,0.69,L58,B,95,65.45,2024-03-30
ITM13203,Apparel,377,40,29.4,0.14,L48,A,56,39.88,2024-05-25
